Time(sec),average
34.0,-99.81644444444444
35.0,-99.12888888888888
36.0,-98.41777777777777
37.0,-97.44444444444446
38.0,-97.18888888888888
39.0,-96.16666666666667
40.0,-95.88333333333333
41.0,-88.0
42.0,-76.53777777777778
43.0,-72.91888888888889
44.0,-81.33166666666666
45.0,-73.36121542809043
46.0,-91.54545454545455
47.0,-91.54545454545455
48.0,-91.54545454545455
49.0,-91.54545454545455
50.0,-100.0
51.0,-100.0
52.0,-100.0
53.0,-99.98125
54.0,-98.84625
55.0,-97.5
56.0,-97.5
57.0,-97.5
58.0,-97.5
59.0,-97.5
60.0,-97.5
61.0,-97.59259259259261
62.0,-98.67460317460318
63.0,-99.4702380952381
64.0,-99.5
65.0,-99.5
66.0,-98.8923076923077
67.0,-97.0
68.0,-97.0
69.0,-97.0
70.0,-74.98256704980842
71.0,-74.98256704980842
72.0,-75.35375478927203
73.0,-77.34659003831418
74.0,-77.0
75.0,-77.0
76.0,-77.0
77.0,-77.0
78.0,-77.0
79.0,-77.0
80.0,-77.55416666666666
81.0,-76.1345701058201
82.0,-70.03547008547008
83.0,-68.89651515151515
84.0,-64.77513528138529
85.0,-63.12395833333333
86.0,-62.462222222222216
87.0,-61.80080128205128
88.0,-61.104166666666664
89.0,-61.0
90.0,-61.0
91.0,-61.0
92.0,-61.0
93.0,-61.0
94.0,-61.0
95.0,-60.999242424242425
96.0,-62.14885281385281
97.0,-54.22822537112011
98.0,-47.41397806384649
99.0,-42.44705948900028
100.0,-34.53154046360702
101.0,-28.114715956558058
102.0,-8.601707307416897
103.0,9.197344877344877
104.0,13.889723947792836
105.0,25.90456412868178
106.0,38.59273979107313
107.0,16.62902777777778
108.0,19.26388888888889
109.0,19.26388888888889
110.0,19.26388888888889
111.0,19.26388888888889
112.0,19.26388888888889
113.0,19.26388888888889
114.0,19.26388888888889
115.0,20.70138888888889
116.0,27.52622782446312
117.0,30.63888888888889
118.0,34.03559577677225
119.0,39.9975
120.0,-0.6171428571428521
121.0,6.964494949494951
122.0,62.97916666666667
123.0,81.42242673992673
124.0,63.59960317460317
125.0,56.25178571428572
126.0,50.69833333333333
127.0,46.14333333333333
128.0,43.15875
129.0,38.059999999999995
130.0,38.0
131.0,38.0
132.0,38.0
133.0,38.0
134.0,38.0
135.0,38.0
136.0,38.0
137.0,38.0
138.0,38.0
139.0,42.54799783549784
140.0,56.7197619047619
141.0,64.78222222222223
142.0,81.16625
143.0,83.5
144.0,83.5
145.0,83.5
146.0,68.8046875
147.0,69.21536458333334
148.0,69.53958333333334
149.0,83.5
150.0,83.5
151.0,83.5
152.0,83.5
153.0,83.5
154.0,83.5
155.0,83.5
156.0,83.5
157.0,82.96000000000001
158.0,76.64333333333333
159.0,72.225
160.0,66.635
161.0,56.614285714285714
162.0,48.26841224747475
163.0,47.0
164.0,47.0
165.0,47.0
166.0,47.0
167.0,46.99259259259259
168.0,46.92962962962963
169.0,46.855555555555554
170.0,46.78148148148148
171.0,46.707407407407395
172.0,36.26273540348541
173.0,32.09815627428127
174.0,36.915365975021146
175.0,44.20183987867178
176.0,51.33735347506899
177.0,52.52298850574713
178.0,52.52298850574713
179.0,52.52298850574713
180.0,100.0
181.0,100.0
182.0,100.0
183.0,100.0
184.0,100.0
185.0,100.0
186.0,100.0
187.0,100.0
188.0,100.0
189.0,100.0
190.0,100.0
191.0,100.0
192.0,100.0
193.0,100.0
194.0,100.0
195.0,100.0
196.0,100.0
197.0,100.0
198.0,100.0
199.0,100.0
200.0,100.0
201.0,100.0
202.0,100.0
203.0,100.0
204.0,100.0
205.0,8.357777777777779
206.0,14.830555555555554
207.0,19.923214285714284
208.0,24.97599206349206
209.0,30.066666666666666
210.0,33.96944444444444
211.0,38.26666666666667
212.0,40.958333333333336
213.0,41.6
214.0,42.0
215.0,42.657142857142865
216.0,43.095238095238095
217.0,43.46666666666667
218.0,44.333333333333336
219.0,44.666666666666664
220.0,45.0
221.0,45.586666666666666
222.0,46.84936507936508
223.0,52.43758142651001
224.0,53.333333333333336
225.0,53.609097222222225
226.0,55.76565656565657
227.0,56.333333333333336
228.0,56.333333333333336
229.0,56.333333333333336
230.0,56.333333333333336
231.0,56.333333333333336
232.0,56.333333333333336
233.0,56.333333333333336
234.0,56.333333333333336
235.0,56.333333333333336
236.0,56.333333333333336
237.0,56.333333333333336
238.0,56.333333333333336
239.0,56.333333333333336
240.0,56.333333333333336
241.0,66.4375
242.0,65.6375
243.0,66.75
244.0,56.333333333333336
245.0,56.333333333333336
246.0,56.333333333333336
247.0,58.31666666666666
248.0,60.07291666666666
249.0,61.390625
250.0,56.333333333333336
251.0,56.333333333333336
252.0,56.333333333333336
253.0,56.333333333333336
254.0,56.333333333333336
255.0,56.333333333333336
256.0,56.333333333333336
257.0,56.333333333333336
258.0,56.333333333333336
259.0,56.333333333333336
260.0,56.333333333333336
261.0,56.333333333333336
262.0,56.333333333333336
263.0,56.333333333333336
264.0,56.333333333333336
265.0,53.963888888888896
266.0,53.22222222222222
267.0,53.77777777777778
268.0,54.076190476190476
269.0,50.62409630979806
270.0,58.451253422932986
271.0,62.975502645502644
272.0,66.7734126984127
273.0,70.1159090909091
274.0,70.36363636363637
275.0,70.36363636363637
276.0,70.36363636363637
277.0,77.28701298701299
278.0,76.86647727272728
279.0,70.36363636363637
280.0,70.63181818181819
281.0,71.0
282.0,71.0
283.0,71.0
284.0,71.0
285.0,71.0
286.0,71.0
287.0,71.0
288.0,71.0
289.0,71.0
290.0,71.0
291.0,71.0
292.0,70.97453703703705
293.0,70.92824074074073
294.0,70.88194444444444
295.0,70.59583333333333
296.0,70.22222222222221
297.0,70.22222222222221
298.0,70.22222222222221
299.0,70.22222222222221
300.0,70.22222222222221
301.0,70.22222222222221
302.0,70.22222222222221
303.0,70.22222222222221
304.0,70.22222222222221
305.0,69.4688888888889
306.0,62.25888888888888
307.0,53.78444444444444
308.0,44.86666666666667
309.0,36.55
310.0,27.706666666666663
311.0,19.483333333333324
312.0,12.872222222222225
313.0,5.555555555555553
314.0,3.8888888888888857
315.0,3.8888888888888857
316.0,27.16875
317.0,23.475208333333335
318.0,18.015416666666663
319.0,-18.13944444444444
320.0,-17.665555555555557
321.0,-12.417777777777777
322.0,-7.625925925925927
323.0,-11.194444444444443
324.0,-13.999999999999998
325.0,-16.622222222222224
326.0,-19.266666666666666
327.0,-21.95555555555556
328.0,-24.61111111111111
329.0,-27.233333333333334
330.0,-29.866666666666664
331.0,-32.53888888888889
332.0,-35.24444444444444
333.0,-37.93333333333333
334.0,-41.31666666666666
335.0,-45.72222222222222
336.0,-50.0
337.0,-54.48222222222222
338.0,-59.46
339.0,-62.29333333333333
340.0,-62.333333333333336
341.0,-62.333333333333336
342.0,-73.44083333333333
343.0,-67.08333333333334
344.0,-67.08333333333334
345.0,-67.08333333333334
346.0,-67.08333333333334
347.0,-67.08333333333334
348.0,-67.08333333333334
349.0,-67.08333333333334
350.0,-70.725
351.0,-71.74166666666667
352.0,-71.645
353.0,-68.82708333333333
354.0,-66.35044642857143
355.0,-66.30580357142857
356.0,-66.2625
357.0,-66.25
358.0,-54.39166666666667
359.0,-56.35
360.0,-58.11167857142857
361.0,-59.271249999999995
362.0,-60.194166666666675
363.0,-61.775999999999996
364.0,-62.624
365.0,-63.675
366.0,-64.461
367.0,-64.59400000000001
368.0,-64.6
369.0,-64.6
370.0,-64.6
371.0,-64.6
372.0,-64.6
373.0,-64.6
374.0,-64.6
375.0,-64.6
376.0,-64.6
377.0,-64.6
378.0,-64.6
379.0,-64.6
380.0,-64.6
381.0,-64.6
382.0,-64.6
383.0,-64.6
384.0,-64.6
385.0,-64.6
386.0,-64.6
387.0,-64.6
388.0,-64.6
389.0,-64.6
390.0,-64.6
391.0,-64.6
392.0,-64.6
393.0,-64.6
394.0,-64.6
395.0,-64.6
396.0,-64.6
397.0,-64.6
398.0,-64.6
399.0,-64.6
400.0,-64.6
401.0,-64.6
402.0,-64.6
403.0,-64.6
404.0,-64.6
405.0,-64.6
406.0,-64.6
407.0,-64.6
408.0,-64.6
409.0,-64.6
410.0,-64.6
411.0,-64.6
412.0,-64.6
413.0,-64.6
414.0,-64.6
415.0,-64.6
416.0,-64.6
417.0,-64.6
418.0,-64.6
419.0,-64.6
420.0,-64.6
421.0,-64.6
422.0,-64.6
423.0,-64.6
424.0,-64.6
425.0,-64.6
426.0,-64.6
427.0,-64.6
428.0,-64.6
429.0,-64.6
430.0,-64.6
431.0,-64.6
432.0,-64.6
433.0,-64.6
434.0,-64.6
435.0,-64.6
436.0,-64.6
437.0,-64.6
438.0,-64.6
439.0,-64.6
440.0,-64.6
441.0,-64.6
442.0,-64.6
443.0,-64.6
444.0,-64.6
445.0,-64.6
446.0,-64.6
447.0,-64.6
448.0,-64.6
449.0,-64.6
450.0,-64.6
451.0,-64.6
452.0,-64.6
453.0,-64.6
454.0,-64.6
455.0,-64.6
456.0,-64.6
457.0,-64.6
458.0,-64.6
459.0,-64.6
460.0,-64.6
461.0,-64.6
462.0,-64.6
463.0,-64.6
464.0,-64.6
465.0,-64.6
466.0,-64.6
467.0,-64.6
468.0,-64.6
469.0,-64.6
470.0,-64.6
471.0,-64.6
472.0,-64.6
473.0,-64.6
474.0,-64.6
475.0,-64.6
476.0,-64.6
477.0,-64.6
478.0,-64.6
479.0,-64.6
480.0,-64.6
481.0,-64.6
482.0,-64.6
483.0,-64.6
484.0,-64.6
485.0,-64.6
486.0,-64.6
487.0,-64.6
488.0,-64.6
489.0,-64.6
490.0,-64.6
491.0,-64.6
492.0,-64.6
493.0,-64.6
494.0,-64.6
495.0,-64.6
496.0,-64.6
497.0,-64.6
498.0,-64.6
499.0,-64.6
500.0,-64.6
501.0,-64.6
502.0,-64.6
503.0,-64.6
504.0,-64.6
505.0,-64.6
506.0,-64.6
507.0,-64.6
508.0,-64.6
509.0,-64.6
510.0,-64.6
511.0,-64.6
512.0,-64.6
513.0,-64.6
514.0,-64.6
515.0,-64.6
516.0,-64.6
517.0,-64.6
518.0,-64.6
519.0,-64.6
520.0,-64.6
521.0,-64.6
522.0,-64.6
523.0,-64.6
524.0,-64.6
525.0,-64.6
526.0,-64.6
527.0,-64.6
528.0,-64.6
529.0,-64.6
530.0,-64.6
531.0,-64.6
532.0,-64.6
533.0,-64.6
534.0,-64.6
535.0,-64.6
536.0,-64.6
537.0,-64.6
538.0,-64.6
539.0,-64.6
540.0,-64.6
541.0,-64.6
542.0,-64.6
543.0,-64.6
544.0,-64.6
545.0,-64.6
546.0,-64.6
547.0,-64.6
548.0,-64.6
549.0,-64.6
550.0,-64.6
551.0,-64.6
552.0,-64.6
553.0,-64.6
554.0,-64.6
555.0,-64.6
556.0,-64.6
557.0,-64.6
558.0,-64.6
559.0,-64.6
560.0,-64.6
561.0,-64.6
562.0,-64.6
563.0,-64.6
564.0,-64.6
565.0,-64.6
566.0,-64.6
567.0,-64.6
568.0,-64.6
569.0,-64.6
570.0,-64.6
571.0,-64.6
572.0,-64.6
573.0,-64.6
574.0,-64.6
575.0,-64.6
576.0,-64.6
577.0,-64.6
578.0,-64.6
579.0,-64.6
580.0,-64.6
581.0,-64.6
582.0,-64.6
583.0,-64.6
584.0,-64.6
585.0,-64.6
586.0,-64.6
587.0,-64.6
588.0,-64.6
589.0,-64.6
590.0,-64.6
591.0,-64.6
592.0,-64.6
593.0,-64.6
594.0,-64.6
595.0,-64.6
596.0,-64.6
596.0,-100.0
597.0,-100.0
598.0,-100.0
599.0,-100.0
600.0,-100.0
601.0,-100.0
602.0,-100.0
603.0,-100.0
604.0,-100.0
605.0,-100.0
606.0,-100.0
607.0,-98.66517857142857
608.0,-98.38392857142858
609.0,-98.29464285714286
610.0,-98.25
611.0,-98.255
612.0,-99.19125
613.0,-99.375
614.0,-99.375
615.0,-99.375
616.0,-99.375
617.0,-99.34583333333333
618.0,-97.805
619.0,-97.73382352941177
620.0,-96.58575851393189
621.0,-94.41052631578947
622.0,-93.5
623.0,-93.5
624.0,-93.5
625.0,-93.5
626.0,-93.5
627.0,-93.5
628.0,-94.61011904761905
629.0,-96.621875
630.0,-97.75
631.0,-98.075
632.0,-99.55586538461539
633.0,-100.0
634.0,-100.0
635.0,-100.0
636.0,-100.0
637.0,-100.0
638.0,-100.0
639.0,-100.0
640.0,-100.0
641.0,-100.0
642.0,-97.19196657509158
643.0,-92.4115625
644.0,-90.24585921325053
645.0,-88.33695652173913
646.0,-88.11956521739131
647.0,-85.87666666666667
648.0,-85.5
649.0,-85.5
650.0,-85.5
651.0,-85.5
652.0,-84.83700081168831
653.0,-83.10959821428571
654.0,-82.36618506493507
655.0,-76.95839285714285
656.0,-61.66889957264957
657.0,-45.14705808080808
658.0,-32.096002886002886
659.0,-25.699999999999996
660.0,-25.58888888888889
661.0,-25.46755050505051
662.0,-25.32831439393939
663.0,-25.19990530303031
664.0,-25.15482954545454
665.0,-24.5550946969697
666.0,-21.57722222222222
667.0,-21.285277777777782
668.0,-19.7125
669.0,-15.002952898550724
670.0,-11.269021739130435
671.0,-11.105978260869568
672.0,-9.77163043478261
673.0,-7.7200000000000015
674.0,-4.974583333333333
675.0,-0.8416666666666666
676.0,4.25
677.0,9.444494047619047
678.0,15.928571428571427
679.0,21.939285714285713
680.0,24.125
681.0,24.125
682.0,24.125
683.0,-0.3333333333333333
684.0,24.125
685.0,24.125
686.0,24.125
687.0,24.125
688.0,24.125
689.0,24.0825
690.0,19.54125
691.0,13.051325757575757
692.0,4.479761904761909
693.0,-2.6875459956709937
694.0,-15.209761072261074
695.0,-32.54283133533133
696.0,-55.48464375901875
697.0,-73.19254606504607
698.0,-75.24880952380953
699.0,-75.25
700.0,-75.25
701.0,-75.25
702.0,-75.25
703.0,-75.25
704.0,-75.25
705.0,-75.25
706.0,-75.25
707.0,-75.25
708.0,-75.25
709.0,-75.25
710.0,-75.25
711.0,-75.19166666666666
712.0,-70.80250000000001
713.0,-64.83541666666667
714.0,-63.25
715.0,-63.25
716.0,-63.25
717.0,-61.882638888888884
718.0,-58.35510869565217
719.0,-59.918897515527945
720.0,-67.58842291967292
721.0,-69.5
722.0,-69.91785714285714
723.0,-72.75416666666666
724.0,-74.99374999999999
725.0,-75.09
726.0,-75.125
727.0,-75.125
728.0,-75.125
729.0,-75.125
730.0,-75.125
731.0,-75.125
732.0,-75.125
733.0,-75.125
734.0,-75.125
735.0,-75.0375
736.0,-68.32388888888889
737.0,-64.31584821428571
738.0,-67.0909375
739.0,-74.75528169014085
740.0,-74.76701877934273
741.0,-74.77875586854461
742.0,-74.79049295774648
743.0,-74.80223004694835
744.0,-74.81396713615024
745.0,-74.8256455399061
746.0,-74.83362676056336
747.0,-74.83949530516432
748.0,-74.84536384976525
749.0,-74.85123239436619
750.0,-74.85710093896714
751.0,-74.86296948356807
752.0,-74.86883802816902
753.0,-74.87411971830986
754.0,-73.14642857142857
755.0,-73.93801587301587
756.0,-75.25
757.0,-75.25
758.0,-75.25
759.0,-75.25
760.0,-75.25
761.0,-75.25
762.0,-75.25
763.0,-75.25
764.0,-75.2014705882353
765.0,-75.11323529411764
766.0,-75.025
767.0,-70.50215436388231
768.0,-50.05718900219577
769.0,-24.78799053179305
770.0,-8.116946873081577
771.0,-0.2780628109452685
772.0,-0.15422885572139222
773.0,-0.12935323383084807
774.0,-0.10447761194029681
775.0,1.722359921502262
776.0,3.573402777777776
777.0,-1.8729166666666615
778.0,-7.29961443510884
779.0,-7.83520936981758
780.0,-6.14362562189055
781.0,-6.046486318407961
782.0,-6.099347014925375
783.0,-6.152207711442784
784.0,-6.205068407960201
785.0,-6.246828358208951
786.0,-6.25
787.0,-6.25
788.0,-6.25
789.0,-6.25
790.0,-6.25
791.0,-6.25
792.0,-6.25
793.0,-6.25
794.0,-6.25
795.0,-6.25
796.0,-6.25
797.0,-6.25
798.0,-6.25
799.0,-3.7074999999999996
800.0,-1.25
801.0,-1.2340909090909093
802.0,-1.1789772727272734
803.0,-1.1221590909090864
804.0,-1.06534090909091
805.0,-0.6844318181818174
806.0,4.09004629629629
807.0,4.865740740740737
808.0,2.232918069584734
809.0,0.10474186307519773
810.0,0.0019696969696951783
811.0,-0.007407407407402644
812.0,0.015046296296301165
813.0,0.047916666666658614
814.0,2.6645112179487214
815.0,1.292559523809519
816.0,8.765203234265734
817.0,15.395
818.0,16.25
819.0,16.25
820.0,16.25
821.0,16.159375
822.0,10.61090544871795
823.0,2.1623412698412707
824.0,-3.548333333333332
825.0,-12.303300831113333
826.0,-30.7414055463502
827.0,-49.63233688186814
828.0,-82.39299292790972
829.0,-88.12878877787159
830.0,-82.91480104617605
831.0,-76.5301543989328
832.0,-71.05626463779956
833.0,-58.250810023310024
834.0,-50.0
835.0,-56.396874999999994
836.0,-64.83923076923077
837.0,-68.7
838.0,-68.7
839.0,-68.7
840.0,-67.92323232323233
841.0,-66.84343434343435
842.0,-66.52424242424243
843.0,-66.5
844.0,-66.5
845.0,-66.5
846.0,-66.5
847.0,-66.5
848.0,-66.5
849.0,-66.5
850.0,-66.5
851.0,-66.5
852.0,-66.5
853.0,-66.5
854.0,-66.5
855.0,-66.5
856.0,-66.5
857.0,-66.5
858.0,-66.5
859.0,-66.5
860.0,-66.5
861.0,-66.5
862.0,-66.5
863.0,-66.5
864.0,-66.5
865.0,-66.5
866.0,-66.5
867.0,-66.5
868.0,-66.5
869.0,-66.5
870.0,-66.5
871.0,-66.5
872.0,-66.5
873.0,-66.5
874.0,-66.5
875.0,-66.5
876.0,-66.5
877.0,-66.5
878.0,-66.5
879.0,-66.5
880.0,-66.5
881.0,-66.5
882.0,-66.5
883.0,-66.5
884.0,-66.5
885.0,-66.5
886.0,-66.5
887.0,-66.5
888.0,-66.496875
889.0,-66.4828869047619
890.0,-66.46800595238095
891.0,-66.453125
892.0,-66.43824404761905
893.0,-66.4233630952381
894.0,-66.40848214285714
895.0,-66.39360119047619
896.0,-66.37872023809523
897.0,-66.35565476190476
898.0,-59.93718720763364
899.0,-36.04952740886564
900.0,-13.25854943259355
901.0,13.954196434352687
902.0,31.74261904761905
903.0,32.0
904.0,32.0
905.0,32.0
906.0,29.760038471944725
907.0,23.817002823565325
908.0,20.404861111111114
909.0,11.333333333333334
910.0,11.333333333333334
911.0,11.333333333333334
912.0,11.333333333333334
913.0,11.153580246913577
914.0,10.242716049382716
915.0,0.0
916.0,0.0
917.0,0.0
918.0,-30.338833883388347
919.0,-31.817381738173818
920.0,-29.741925192519258
921.0,-27.333333333333332
922.0,-27.333333333333332
923.0,-29.372222222222224
924.0,-33.333333333333336
925.0,-33.333333333333336
926.0,-33.333333333333336
927.0,-33.333333333333336
928.0,-33.333333333333336
929.0,-31.466825396825403
930.0,-26.683333333333334
931.0,-26.666666666666668
932.0,-26.666666666666668
933.0,-30.709999999999997
934.0,-33.166666666666664
935.0,-28.78333333333333
936.0,-21.780952380952375
937.0,-21.00238095238095
938.0,-21.0
939.0,-21.0
940.0,-21.0
941.0,-21.047619047619047
942.0,-27.813600288600295
943.0,-45.970177045177046
944.0,-64.0183861345626
945.0,-87.93978095978095
946.0,-100.0
947.0,-100.0
948.0,-100.0
949.0,-97.63333333333334
950.0,-94.1
951.0,-92.80714285714285
952.0,-91.45
953.0,-90.16666666666667
954.0,-89.025
955.0,-87.625
956.0,-86.36
957.0,-84.91333333333334
958.0,-80.09333333333333
959.0,-62.230000000000004
960.0,-52.708333333333336
961.0,-68.715
962.0,-77.25
963.0,-77.25
964.0,-77.25
965.0,-80.04333333333332
966.0,-88.6
967.0,-98.22319490586932
968.0,-99.5406976744186
969.0,-99.57945736434107
970.0,-99.61821705426354
971.0,-98.71689737910668
972.0,-93.34441698966407
973.0,-88.6152104097453
974.0,-83.99914867109632
975.0,-79.21534883720929
976.0,-73.59660852713179
977.0,-67.82286821705428
978.0,-61.86579457364342
979.0,-57.52538759689922
980.0,-55.442118863049096
981.0,-53.46944444444444
982.0,-52.625
983.0,-51.166666666666664
984.0,-50.3
985.0,-48.5
986.0,-47.3
987.0,-46.357142857142854
988.0,-44.642857142857146
989.0,-43.785714285714285
990.0,-41.15396825396826
991.0,-26.119107142857143
992.0,-6.887770562770569
993.0,-0.15151515151516293
994.0,1.239393939393949
995.0,8.220238095238095
996.0,12.19642857142857
997.0,21.515952380952378
998.0,33.735
999.0,44.216923076923074
1000.0,48.125
1001.0,48.25448717948717
1002.0,46.82692307692309
1003.0,38.775
1004.0,32.59166666666666
1005.0,31.25
1006.0,31.25
1007.0,31.25
1008.0,31.25
1009.0,31.25
1010.0,31.25
1011.0,31.25
1012.0,-3.0
1013.0,40.67916666666667
1014.0,48.11655844155844
1015.0,44.07416666666666
1016.0,31.71825396825397
1017.0,100.0
1018.0,100.0
1019.0,100.0
1020.0,100.0
1021.0,100.0
1022.0,100.0
1023.0,100.0
1024.0,100.0
1025.0,100.0
1026.0,100.0
1027.0,100.0
1028.0,100.0
1029.0,100.0
1030.0,100.0
1031.0,100.0
1032.0,100.0
1033.0,100.0
1034.0,100.0
1035.0,100.0
1036.0,100.0
1037.0,100.0
1038.0,100.0
1039.0,100.0
1040.0,100.0
1041.0,98.10416666666667
1042.0,68.6157986111111
1043.0,26.283394399426438
1044.0,
1045.0,
1046.0,
1047.0,
1048.0,
1049.0,
1050.0,
1051.0,
1052.0,
1053.0,
1054.0,
1055.0,
1056.0,
1057.0,
1058.0,
1059.0,
1060.0,
1061.0,
1062.0,
1063.0,
1064.0,
1065.0,
1066.0,
1067.0,
1068.0,
1069.0,
1070.0,
1071.0,
1072.0,
1073.0,
1074.0,
1075.0,
1076.0,
1077.0,
1078.0,
1079.0,
1080.0,
1081.0,
1082.0,
1083.0,
1084.0,-83.78095238095239
1085.0,-41.09383061383061
1086.0,21.54404040404041
1087.0,79.34322725885227
1088.0,97.83854166666666
1089.0,98.359375
1090.0,98.88020833333334
1091.0,99.40104166666666
1092.0,99.890625
1093.0,100.0
1094.0,99.97322404371585
1095.0,99.88046448087431
1096.0,99.78483606557377
1097.0,99.68920765027323
1098.0,99.5935792349727
1099.0,99.49795081967213
1100.0,99.40232240437156
1101.0,99.30669398907101
1102.0,99.2110655737705
1103.0,99.11543715846994
1104.0,99.01980874316942
1105.0,98.92418032786888
1106.0,98.82855191256832
1107.0,98.73292349726778
1108.0,98.63729508196722
1109.0,98.54166666666669
1110.0,98.44603825136612
1111.0,98.35040983606558
1112.0,98.25478142076504
1113.0,98.15915300546447
1114.0,98.06352459016394
1115.0,97.96789617486337
1116.0,97.87226775956283
1117.0,97.77663934426228
1118.0,94.34817720530836
1119.0,67.10446428571429
1120.0,
1121.0,
1122.0,
1123.0,
1124.0,
1125.0,
1126.0,
1127.0,
1128.0,
1129.0,
1130.0,
1131.0,
1132.0,
1133.0,
1134.0,
1135.0,
1136.0,
1137.0,
1138.0,
1139.0,
1140.0,
1141.0,
1142.0,
1143.0,
1144.0,-53.5
1145.0,-53.5
1146.0,-53.5
1147.0,-53.5
1148.0,-53.5
1149.0,-53.5
1150.0,-53.5
1151.0,-53.5
1152.0,-53.53888888888889
1153.0,-57.844444444444456
1154.0,-73.20317460317459
1155.0,-94.22876984126984
1156.0,-100.0
1157.0,-100.0
1158.0,-100.0
1159.0,-100.0
1160.0,-100.0
1161.0,-100.0
1162.0,-100.0
1163.0,-100.0
1164.0,-100.0
1165.0,-100.0
1166.0,-99.985
1167.0,-99.7875
1168.0,-99.5375
1169.0,-99.2875
1170.0,-98.1025
1171.0,-85.7666666666667
1172.0,-71.0
1173.0,-68.25
1174.0,-68.25
1175.0,-68.25
1176.0,-68.25
1177.0,-68.25
1178.0,-68.25
1179.0,-68.25
1180.0,-68.25
1181.0,-68.25
1182.0,-67.505
1183.0,-53.36333333333333
1184.0,-37.61666666666665
1185.0,-23.128571428571423
1186.0,-5.675
1187.0,-15.68
1188.0,-16.0
1189.0,-16.0
1190.0,-16.0
1191.0,-16.0
1192.0,-16.0
1192.0,-100.0
1193.0,-100.0
1194.0,-100.0
1195.0,-100.0
1196.0,-100.0
1197.0,-100.0
1198.0,-100.0
1199.0,-100.0
1200.0,-100.0
1201.0,-100.0
1202.0,-100.0
1203.0,-100.0
1204.0,-100.0
1205.0,-100.0
1206.0,-100.0
1207.0,-100.0
1208.0,-100.0
1209.0,-100.0
1210.0,-100.0
1211.0,-100.0
1212.0,-100.0
1213.0,-100.0
1214.0,-100.0
1215.0,-100.0
1216.0,-100.0
1217.0,-100.0
1218.0,-100.0
1219.0,-100.0
1220.0,-100.0
1221.0,-100.0
1222.0,-100.0
1223.0,-100.0
1224.0,-100.0
1225.0,-100.0
1226.0,-100.0
1227.0,-100.0
1228.0,-100.0
1229.0,-100.0
1230.0,-100.0
1231.0,-100.0
1232.0,-100.0
1233.0,-100.0
1234.0,-100.0
1235.0,-100.0
1236.0,-100.0
1237.0,-100.0
1238.0,-100.0
1239.0,-100.0
1240.0,-100.0
1241.0,-100.0
1242.0,-100.0
1243.0,-100.0
1244.0,-100.0
1245.0,-100.0
1246.0,-100.0
1247.0,-100.0
1248.0,-100.0
1249.0,-100.0
1250.0,-100.0
1251.0,-100.0
1252.0,-100.0
1253.0,-100.0
1254.0,-100.0
1255.0,-100.0
1256.0,-100.0
1257.0,-100.0
1258.0,-97.95833333333334
1259.0,-68.9595779220779
1260.0,-62.54166666666666
1261.0,-62.54166666666666
1262.0,-62.54166666666666
1263.0,-62.54166666666666
1264.0,-62.54166666666666
1265.0,-59.60416666666666
1266.0,-56.66666666666667
1267.0,-56.66666666666667
1268.0,-56.66666666666667
1269.0,-50.95984848484849
1270.0,46.479642857142856
1271.0,98.0
1272.0,98.0
1273.0,91.71
1274.0,10.052878787878782
1275.0,-54.5
1276.0,-54.5
1277.0,-54.5
1278.0,-54.5
1279.0,-54.5
1280.0,-66.60236111111111
1281.0,-99.28571428571428
1282.0,-100.0
1283.0,-100.0
1284.0,-100.0
1285.0,-100.0
1286.0,-100.0
1287.0,-100.0
1288.0,-100.0
1289.0,-100.0
1290.0,-100.0
1291.0,-100.0
1292.0,-100.0
1293.0,-100.0
1294.0,-100.0
1295.0,-100.0
1296.0,-100.0
1297.0,-100.0
1298.0,-100.0
1299.0,-100.0
1300.0,-100.0
1301.0,-100.0
1302.0,-100.0
1303.0,-100.0
1304.0,-100.0
1305.0,-100.0
1306.0,-100.0
1307.0,-100.0
1308.0,-100.0
1309.0,-100.0
1310.0,-100.0
1311.0,-100.0
1312.0,-100.0
1313.0,-100.0
1314.0,-100.0
1315.0,-100.0
1316.0,-100.0
1317.0,-100.0
1318.0,-100.0
1319.0,-100.0
1320.0,-100.0
1321.0,-100.0
1322.0,-100.0
1323.0,-100.0
1324.0,-100.0
1325.0,-100.0
1326.0,-100.0
1327.0,-100.0
1328.0,-100.0
1329.0,-100.0
1330.0,-100.0
1331.0,-100.0
1332.0,-100.0
1333.0,-100.0
1334.0,-100.0
1335.0,-100.0
1336.0,-100.0
1337.0,-100.0
1338.0,-100.0
1339.0,-100.0
1340.0,-100.0
1341.0,-100.0
1342.0,-100.0
1343.0,-100.0
1344.0,-100.0
1345.0,-100.0
1346.0,-100.0
1347.0,-100.0
1348.0,-100.0
1349.0,-100.0
1350.0,-100.0
1351.0,-100.0
1352.0,-100.0
1353.0,-100.0
1354.0,-100.0
1355.0,-100.0
1356.0,-100.0
1357.0,-100.0
1358.0,-100.0
1359.0,-100.0
1360.0,-100.0
1361.0,-100.0
1362.0,-100.0
1363.0,-100.0
1364.0,-100.0
1365.0,-100.0
1366.0,-100.0
1367.0,-100.0
1368.0,-100.0
1369.0,-100.0
1370.0,-100.0
1371.0,-100.0
1372.0,-100.0
1373.0,-100.0
1374.0,-100.0
1375.0,-100.0
1376.0,-100.0
1377.0,-100.0
1378.0,-100.0
1379.0,-100.0
1380.0,-100.0
1381.0,-100.0
1382.0,-100.0
1383.0,-100.0
1384.0,-100.0
1385.0,-100.0
1386.0,-100.0
1387.0,-100.0
1388.0,-100.0
1389.0,-100.0
1390.0,-100.0
1391.0,-100.0
1392.0,-100.0
1393.0,-100.0
1394.0,-100.0
1395.0,-100.0
1396.0,-100.0
1397.0,-100.0
1398.0,-100.0
1399.0,-100.0
1400.0,-100.0
1401.0,-100.0
1402.0,-100.0
1403.0,-100.0
1404.0,-100.0
1405.0,-100.0
1406.0,-100.0
1407.0,-100.0
1408.0,-100.0
1409.0,-100.0
1410.0,-100.0
1411.0,-100.0
1412.0,-100.0
1413.0,-100.0
1414.0,-100.0
1415.0,-100.0
1416.0,-100.0
1417.0,-100.0
1418.0,-100.0
1419.0,-100.0
1420.0,-100.0
1421.0,-100.0
1422.0,-100.0
1423.0,-100.0
1424.0,-100.0
1425.0,-100.0
1426.0,-100.0
1427.0,-100.0
1428.0,-100.0
1429.0,-100.0
1430.0,-100.0
1431.0,-100.0
1432.0,-100.0
1433.0,-100.0
1434.0,-100.0
1435.0,-100.0
1436.0,-100.0
1437.0,-100.0
1438.0,-100.0
1439.0,-100.0
1440.0,-100.0
1441.0,-100.0
1442.0,-100.0
1443.0,-100.0
1444.0,-100.0
1445.0,-100.0
1446.0,-100.0
1447.0,-100.0
1448.0,-100.0
1449.0,-100.0
1450.0,-100.0
1451.0,-100.0
1452.0,-100.0
1453.0,-100.0
1454.0,-100.0
1455.0,-100.0
1456.0,-100.0
1457.0,-100.0
1458.0,-100.0
1459.0,-100.0
1460.0,-100.0
1461.0,-100.0
1462.0,-100.0
1463.0,-100.0
1464.0,-100.0
1465.0,-100.0
1466.0,-100.0
1467.0,-100.0
1468.0,-100.0
1469.0,-100.0
1470.0,-100.0
1471.0,-100.0
1472.0,-100.0
1473.0,-100.0
1474.0,-100.0
1475.0,-100.0
1476.0,-100.0
1477.0,-100.0
1478.0,-100.0
1479.0,-100.0
1480.0,-100.0
1481.0,-100.0
1482.0,-100.0
1483.0,-100.0
1484.0,-100.0
1485.0,-100.0
1486.0,-100.0
1487.0,-100.0
1488.0,-100.0
1489.0,-100.0
1490.0,-100.0
1491.0,-100.0
1492.0,-100.0
1493.0,-100.0
1494.0,-100.0
1495.0,-100.0
1496.0,-100.0
1497.0,-100.0
1498.0,-100.0
1499.0,-100.0
1500.0,-100.0
1501.0,-100.0
1502.0,-100.0
1503.0,-100.0
1504.0,-100.0
1505.0,-100.0
1506.0,-100.0
1507.0,-100.0
1508.0,-100.0
1509.0,-100.0
1510.0,-100.0
1511.0,-100.0
1512.0,-100.0
1513.0,-100.0
1514.0,-100.0
1515.0,-100.0
1516.0,-100.0
1517.0,-100.0
1518.0,-100.0
1519.0,-100.0
1520.0,-100.0
1521.0,-100.0
1522.0,-100.0
1523.0,-100.0
1524.0,-100.0
1525.0,-100.0
1526.0,-100.0
1527.0,-100.0
1528.0,-100.0
1529.0,-100.0
1530.0,-100.0
1531.0,-100.0
1532.0,-100.0
1533.0,-100.0
1534.0,-100.0
1535.0,-100.0
1536.0,-100.0
1537.0,-100.0
1538.0,-100.0
1539.0,-100.0
1540.0,-100.0
1541.0,-100.0
1542.0,-100.0
1543.0,-100.0
1544.0,-100.0
1545.0,-100.0
1546.0,-100.0
1547.0,-100.0
1548.0,-100.0
1549.0,-100.0
1550.0,-100.0
1551.0,-100.0
1552.0,-100.0
1553.0,-100.0
1554.0,-1.5544444444444494
1555.0,9.947207792207799
1556.0,-14.475750915750913
1557.0,32.580899178946055
1558.0,43.794921875
1559.0,50.26627604166667
1560.0,56.73763020833334
1561.0,62.820703125
1562.0,79.87806865009989
1563.0,16.3625
1564.0,3.4
1565.0,-4.675
1566.0,-10.95
1567.0,-15.95
1568.0,-22.65
1569.0,-30.5
1570.0,-39.18777777777778
1571.0,-43.66666666666666
1572.0,-43.33333333333333
1573.0,-43.33333333333333
1574.0,-44.44444444444446
1575.0,
1576.0,
1577.0,
1578.0,
1579.0,
1580.0,
1581.0,
1582.0,
1583.0,
1584.0,
1585.0,
1586.0,
1587.0,
1588.0,
1589.0,
1590.0,
1591.0,
1592.0,-74.0
1593.0,
1594.0,
1595.0,
1596.0,
1597.0,
1598.0,
1599.0,
1600.0,
1601.0,
1602.0,
1603.0,
1604.0,
1605.0,
1606.0,
1607.0,
1608.0,
1609.0,
1610.0,
1611.0,
1612.0,
1613.0,
1614.0,
1615.0,
1616.0,
1617.0,
1618.0,
1619.0,
1620.0,
1621.0,
1622.0,
1623.0,
1624.0,
1625.0,
1626.0,
1627.0,
1628.0,
1629.0,
1630.0,
1631.0,
1632.0,
1633.0,
1634.0,-97.775
1635.0,-91.49404761904762
1636.0,-80.71953130203129
1637.0,-55.042349386724375
1638.0,-34.812103174603166
1639.0,-21.589150793650795
1640.0,-13.924642857142857
1641.0,-7.625
1642.0,-3.61875
1643.0,38.50708616780046
1644.0,
1645.0,
1646.0,
1647.0,
1648.0,
1649.0,
1650.0,
1651.0,
1652.0,
1653.0,
1654.0,
1655.0,
1656.0,
1657.0,
1658.0,
1659.0,
1660.0,
1661.0,
1662.0,
1663.0,
1664.0,
1665.0,
1666.0,
1667.0,
1668.0,
1669.0,
1670.0,
1671.0,
1672.0,
1673.0,
1674.0,
1675.0,
1676.0,
1677.0,
1678.0,
1679.0,
1680.0,
1681.0,
1682.0,
1683.0,
1684.0,
1685.0,
1686.0,
1687.0,
1688.0,
1689.0,
1690.0,
1691.0,
1692.0,
1693.0,
1694.0,
1695.0,
1696.0,
1697.0,
1698.0,
1699.0,
1700.0,
1701.0,
1702.0,
1703.0,
1704.0,
1705.0,
1706.0,
1707.0,
1708.0,
1709.0,
1710.0,
1711.0,
1712.0,
1713.0,
1714.0,
1715.0,
1716.0,
1717.0,
1718.0,
1719.0,
1720.0,
1721.0,
1722.0,
1723.0,
1724.0,
1725.0,
1726.0,
1727.0,
1728.0,
1729.0,
1730.0,
1731.0,
1732.0,
1733.0,
1734.0,
1735.0,
1736.0,
1737.0,
1738.0,
1739.0,
1740.0,
1741.0,
1742.0,
1743.0,
1744.0,
1745.0,
1746.0,
1747.0,
1748.0,
1749.0,
1750.0,
1751.0,
1752.0,
1753.0,
1754.0,
1755.0,
1756.0,
1757.0,
1758.0,
1759.0,
1760.0,
1761.0,
1762.0,
1763.0,
1764.0,
1765.0,
1766.0,
1767.0,
1768.0,
1769.0,
1770.0,
1771.0,
1772.0,
1773.0,
1774.0,
1775.0,
1776.0,
1777.0,
1778.0,
1779.0,
1780.0,
1781.0,
1782.0,
1783.0,
1784.0,
1785.0,
1786.0,
1787.0,
1788.0,
1789.0,
1790.0,
1791.0,
1792.0,
1793.0,
1794.0,
1795.0,
1795.0,-100.0
1796.0,-100.0
1797.0,-99.9965367965368
1798.0,-99.96103896103897
1799.0,-99.91774891774894
1800.0,-99.88419913419914
1801.0,-99.86255411255411
1802.0,-99.84090909090908
1803.0,-99.81926406926407
1804.0,-99.79761904761904
1805.0,-99.77597402597404
1806.0,-99.754329004329
1807.0,-99.73268398268398
1808.0,-99.71103896103897
1809.0,-99.68939393939394
1810.0,-99.66991341991341
1811.0,-99.66666666666667
1812.0,-99.66666666666667
1813.0,-99.02499999999998
1814.0,-97.92936507936508
1815.0,-96.83333333333333
1816.0,-96.83333333333333
1817.0,-96.83333333333333
1818.0,-96.83333333333333
1819.0,-95.75
1820.0,-95.75
1821.0,-95.75
1822.0,-95.75
1823.0,-93.77500000000002
1824.0,-78.89166666666668
1825.0,-70.47
1826.0,-66.5
1827.0,-66.5
1828.0,-66.5
1829.0,-66.5
1830.0,-66.5
1831.0,-66.5
1832.0,-66.375
1833.0,-62.2
1834.0,-72.55669056152927
1835.0,-72.06944444444444
1836.0,-72.06944444444444
1837.0,-72.06944444444444
1838.0,-72.06944444444444
1839.0,-69.26660728160728
1840.0,-59.52571428571429
1841.0,-49.17777777777778
1842.0,-37.2473951973952
1843.0,-12.899926184926187
1844.0,16.026312576312584
1845.0,21.333333333333332
1846.0,13.763333333333334
1847.0,-4.615869565217391
1848.0,-21.347101449275353
1849.0,-28.717971014492747
1850.0,-27.5
1851.0,-27.5
1852.0,3.5
1853.0,3.5
1854.0,-27.5
1855.0,-27.5
1856.0,-27.5
1857.0,-27.5
1858.0,-27.5
1859.0,-27.5
1860.0,-24.98888888888889
1861.0,-20.581111111111113
1862.0,-18.583333333333332
1863.0,-15.195833333333333
1864.0,-5.40016339869281
1865.0,-5.385620915032679
1866.0,-5.450980392156864
1867.0,-5.516339869281043
1868.0,-5.581699346405231
1869.0,-5.6457516339869285
1870.0,-5.666666666666667
1871.0,-5.666666666666667
1872.0,-5.666666666666667
1873.0,-5.666666666666667
1874.0,-5.666666666666667
1875.0,-5.666666666666667
1876.0,-5.666666666666667
1877.0,-5.666666666666667
1878.0,-5.666666666666667
1879.0,-5.666666666666667
1880.0,-5.666666666666667
1881.0,-5.666666666666667
1882.0,-5.666666666666667
1883.0,-5.666666666666667
1884.0,-5.666666666666667
1885.0,-5.666666666666667
1886.0,-5.666666666666667
1887.0,-5.666666666666667
1888.0,-5.666666666666667
1889.0,-5.666666666666667
1890.0,-5.666666666666667
1891.0,-5.666666666666667
1892.0,-5.666666666666667
1893.0,-5.666666666666667
1894.0,-5.666666666666667
1895.0,-5.666666666666667
1896.0,-5.666666666666667
1897.0,-5.666666666666667
1898.0,-5.666666666666667
1899.0,-5.666666666666667
1900.0,-5.666666666666667
1901.0,-5.666666666666667
1902.0,-5.666666666666667
1903.0,-5.666666666666667
1904.0,-5.666666666666667
1905.0,-5.666666666666667
1906.0,-5.666666666666667
1907.0,-5.666666666666667
1908.0,-2.9
1909.0,-4.249729344729345
1910.0,-4.962962962962963
1911.0,-7.73019943019943
1912.0,-16.53778606965174
1913.0,-17.809701492537307
1914.0,-17.934079601990053
1915.0,-18.058457711442774
1916.0,-18.182835820895534
1917.0,-18.307213930348258
1918.0,-18.431592039800993
1919.0,-13.958333333333334
1920.0,-12.75
1921.0,-12.75
1922.0,-12.75
1923.0,-12.75
1924.0,-12.75
1925.0,-12.75
1926.0,-12.75
1927.0,-12.75
1928.0,-12.75
1929.0,-8.787142857142856
1930.0,1.0555555555555571
1931.0,11.405000000000001
1932.0,27.145555555555557
1933.0,42.41940552016985
1934.0,44.08917197452229
1935.0,44.174097664543524
1936.0,44.25902335456476
1937.0,44.34394904458599
1938.0,44.42887473460721
1939.0,44.51380042462844
1940.0,44.59872611464968
1941.0,44.683651804670916
1942.0,44.768577494692146
1943.0,44.85350318471338
1944.0,44.9384288747346
1945.0,45.02335456475584
1946.0,13.364543524416133
1947.0,9.884547315741587
1948.0,9.056813011828933
1949.0,11.373321390658182
1950.0,12.537757936507939
1951.0,13.254047619047617
1952.0,12.606944444444448
1953.0,12.579166666666659
1954.0,12.551388888888887
1955.0,12.523611111111112
1956.0,12.50236111111111
1957.0,12.54513888888889
1958.0,12.614583333333336
1959.0,12.684027777777782
1960.0,12.753472222222218
1961.0,12.82339480874317
1962.0,12.89497950819672
1963.0,12.966700819672138
1964.0,13.038422131147538
1965.0,13.110143442622949
1966.0,13.18186475409836
1967.0,13.242827868852462
1968.0,13.25
1969.0,13.25
1970.0,13.25
1971.0,13.25
1972.0,13.25
1973.0,13.25
1974.0,13.25
1975.0,14.066666666666668
1976.0,17.68506600660066
1977.0,18.17615511551155
1978.0,18.18440594059406
1979.0,18.192656765676567
1980.0,18.200907590759073
1981.0,18.209158415841586
1982.0,18.21740924092409
1983.0,18.225660066006604
1984.0,18.23391089108911
1985.0,18.242161716171616
1986.0,18.250412541254125
1987.0,18.258663366336634
1988.0,18.26691419141914
1989.0,18.275165016501653
1990.0,18.28341584158416
1991.0,18.291666666666664
1992.0,18.299917491749174
1993.0,18.308168316831683
1994.0,18.316419141914192
1995.0,18.3246699669967
1996.0,18.332920792079207
1997.0,18.341171617161717
1998.0,18.349422442244222
1999.0,18.35767326732673
2000.0,18.36592409240924
2001.0,18.37417491749175
2002.0,18.382425742574256
2003.0,18.39067656765676
2004.0,18.398927392739274
2005.0,18.40717821782178
2006.0,18.41542904290429
2007.0,18.4236798679868
2008.0,18.431930693069308
2009.0,18.440181518151814
2010.0,18.448432343234327
2011.0,18.456683168316832
2012.0,18.46493399339934
2013.0,18.473184818481847
2014.0,18.481435643564357
2015.0,18.489686468646862
2016.0,18.497689768976898
2017.0,18.5
2018.0,18.5
2019.0,18.5
2020.0,18.5
2021.0,20.826326741440376
2022.0,30.450692016317017
2023.0,32.0
2024.0,32.3575
2025.0,33.925
2026.0,75.66666666666667
2027.0,75.66666666666667
2028.0,75.66666666666667
2029.0,77.14444444444445
2030.0,41.13645833333334
2031.0,42.93208333333333
2032.0,53.72035714285714
2033.0,65.40220238095239
2034.0,61.70240311771562
2035.0,47.38252164502165
2036.0,43.22077922077922
2037.0,42.896103896103895
2038.0,42.75
2039.0,42.75
2040.0,43.995
2041.0,49.981730769230765
2042.0,47.902884615384615
2043.0,45.7875
2044.0,45.75
2045.0,43.1
2046.0,43.0
2047.0,43.0
2048.0,41.49210227272727
2049.0,40.0
2050.0,39.6875
2051.0,34.83524590163934
2052.0,34.69467213114754
2053.0,34.653688524590166
2054.0,34.61270491803278
2055.0,34.57172131147541
2056.0,34.53073770491803
2057.0,34.50122950819672
2058.0,34.5
2059.0,34.5
2060.0,34.5
2061.0,34.49934210526315
2062.0,34.45723684210526
2063.0,34.04342105263158
2064.0,28.10875
2065.0,27.75
2066.0,27.75
2067.0,27.75
2068.0,27.75
2069.0,27.75
2070.0,27.75
2071.0,27.75
2072.0,27.75
2073.0,27.75
2074.0,27.75
2075.0,27.75
2076.0,27.75
2077.0,27.75
2078.0,27.75
2079.0,27.504545454545454
2080.0,21.693417508417507
2081.0,18.617592592592594
2082.0,18.41388888888889
2083.0,16.619722222222222
2084.0,10.145848938826468
2085.0,10.1274656679151
2086.0,10.120942571785267
2087.0,10.10908239700374
2088.0,10.097222222222225
2089.0,10.085362047440697
2090.0,10.073501872659172
2091.0,10.061641697877658
2092.0,10.04978152309613
2093.0,10.037921348314605
2094.0,10.026061173533076
2095.0,10.014200998751559
2096.0,10.002340823970037
2097.0,9.990480649188513
2098.0,9.978620474406991
2099.0,9.966760299625467
2100.0,9.954900124843945
2101.0,9.943039950062424
2102.0,9.9311797752809
2103.0,9.919319600499371
2104.0,9.907459425717853
2105.0,9.895599250936328
2106.0,9.8837390761548
2107.0,9.871878901373286
2108.0,9.860018726591761
2109.0,9.84815855181024
2110.0,9.836654182272166
2111.0,9.833333333333336
2112.0,9.833333333333336
2113.0,9.833333333333336
2114.0,9.833333333333336
2115.0,9.833333333333336
2116.0,9.833333333333336
2117.0,9.833333333333336
2118.0,9.833333333333336
2119.0,9.833333333333336
2120.0,10.112760416666667
2121.0,12.166835171568628
2122.0,13.84558823529412
2123.0,14.835602988768322
2124.0,16.843851132686083
2125.0,16.86003236245955
2126.0,16.876213592233007
2127.0,16.892394822006473
2128.0,16.908576051779935
2129.0,16.924757281553397
2130.0,16.94093851132686
2131.0,16.95711974110032
2132.0,16.973300970873787
2133.0,16.98948220064725
2134.0,16.999838187702267
2135.0,17.015625
2136.0,17.742708333333333
2137.0,25.657692307692308
2138.0,26.610576923076923
2139.0,26.70673076923077
2140.0,26.75
2141.0,26.75
2142.0,26.75
2143.0,26.75
2144.0,26.75
2145.0,26.75
2146.0,26.75
2147.0,26.75
2148.0,26.75
2149.0,26.75
2150.0,26.75
2151.0,26.75
2152.0,26.75
2153.0,26.75
2154.0,26.75
2155.0,26.75
2156.0,26.75
2157.0,26.75
2158.0,26.75
2159.0,26.75
2160.0,26.75
2161.0,26.75
2162.0,26.75
2163.0,26.75
2164.0,26.75
2165.0,26.75
2166.0,26.75
2167.0,26.75
2168.0,26.75
2169.0,26.75
2170.0,26.75
2171.0,26.75
2172.0,26.75
2173.0,26.75
2174.0,26.75
2175.0,26.75
2176.0,26.75
2177.0,26.75
2178.0,26.75
2179.0,26.75
2180.0,26.75
2181.0,26.75
2182.0,26.75
2183.0,26.75561797752809
2184.0,26.803370786516854
2185.0,26.859550561797754
2186.0,26.915730337078653
2187.0,26.971910112359552
2188.0,27.028089887640448
2189.0,27.084269662921347
2190.0,27.140449438202246
2191.0,27.196629213483146
2192.0,28.09986982734996
2193.0,29.202743902439025
2194.0,29.29420731707317
2195.0,29.385670731707318
2196.0,29.474390243902437
2197.0,29.5
2198.0,29.5
2199.0,29.5
2200.0,29.5
2201.0,29.5
2202.0,29.5
2203.0,29.5
2204.0,29.5
2205.0,29.5
2206.0,29.5
2207.0,29.5
2208.0,29.5
2209.0,29.5
2210.0,29.5
2211.0,29.5
2212.0,29.5
2213.0,29.5
2214.0,29.5
2215.0,29.5
2216.0,29.5
2217.0,29.5
2218.0,29.5
2219.0,29.5
2220.0,29.5
2221.0,29.5
2222.0,29.5
2223.0,29.5
2224.0,29.5
2225.0,29.5
2226.0,29.5
2227.0,29.5
2228.0,29.5
2229.0,29.5
2230.0,29.5
2231.0,29.5
2232.0,29.5
2233.0,29.5
2234.0,29.5
2235.0,29.5
2236.0,29.495346869712353
2237.0,29.48688663282572
2238.0,29.478426395939085
2239.0,29.469966159052454
2240.0,29.46150592216582
2241.0,29.45304568527919
2242.0,29.444585448392555
2243.0,29.43612521150592
2244.0,29.42766497461929
2245.0,29.419204737732656
2246.0,29.410744500846025
2247.0,29.40228426395939
2248.0,29.393824027072757
2249.0,29.385363790186126
2250.0,29.376903553299492
2251.0,29.368443316412858
2252.0,29.359983079526227
2253.0,29.351522842639593
2254.0,29.343062605752962
2255.0,29.129276649746192
2256.0,28.520833333333332
2257.0,27.218333333333334
2258.0,23.606854838709676
2259.0,23.349798387096772
2260.0,23.329637096774192
2261.0,23.309475806451612
2262.0,23.289314516129032
2263.0,23.269153225806452
2264.0,23.252016129032256
2265.0,23.25
2266.0,23.25
2267.0,23.25
2268.0,23.25
2269.0,23.25
2270.0,23.25
2271.0,23.25
2272.0,23.25
2273.0,23.25
2274.0,24.275357142857143
2275.0,27.0425
2276.0,30.815996156310057
2277.0,31.0140134529148
2278.0,31.025224215246638
2279.0,31.036434977578473
2280.0,31.047645739910315
2281.0,31.058856502242154
2282.0,31.07006726457399
2283.0,31.081278026905828
2284.0,31.092488789237667
2285.0,31.103699551569505
2286.0,31.114910313901344
2287.0,31.126121076233183
2288.0,31.13733183856502
2289.0,31.14854260089686
2290.0,31.1597533632287
2291.0,31.170964125560538
2292.0,31.182174887892376
2293.0,31.193385650224215
2294.0,31.204596412556054
2295.0,31.215807174887892
2296.0,31.22701793721973
2297.0,31.23822869955157
2298.0,31.571045658377496
2299.0,32.37733585858586
2300.0,32.504103535353536
2301.0,32.510416666666664
2302.0,32.5167297979798
2303.0,32.52304292929293
2304.0,32.52935606060606
2305.0,32.53566919191919
2306.0,32.541982323232325
2307.0,32.54829545454545
2308.0,32.55460858585859
2309.0,32.560921717171716
2310.0,32.56723484848485
2311.0,32.57354797979798
2312.0,32.579861111111114
2313.0,32.58617424242424
2314.0,32.59248737373737
2315.0,32.598800505050505
2316.0,32.60511363636364
2317.0,32.61142676767677
2318.0,32.617739898989896
2319.0,32.62405303030303
2320.0,32.63036616161616
2321.0,32.636679292929294
2322.0,32.64299242424242
2323.0,32.64930555555556
2324.0,32.655618686868685
2325.0,32.66193181818182
2326.0,32.66824494949495
2327.0,32.67455808080808
2328.0,32.68087121212121
2329.0,32.687184343434346
2330.0,32.696969696969695
2331.0,32.70959595959596
2332.0,32.72222222222222
2333.0,32.734848484848484
2334.0,32.746906565656566
2335.0,32.75
2336.0,32.75
2337.0,32.745714285714286
2338.0,32.72380952380952
2339.0,32.7
2340.0,32.68273809523809
2341.0,32.670833333333334
2342.0,32.658928571428575
2343.0,32.64702380952381
2344.0,32.63511904761905
2345.0,29.872229437229436
2346.0,20.634375
2347.0,14.793734217171714
2348.0,14.190104166666664
2349.0,14.138020833333336
2350.0,14.0859375
2351.0,14.033854166666664
2352.0,14.000520833333335
2353.0,14.0
2354.0,14.0
2355.0,14.0
2356.0,14.0
2357.0,14.0
2358.0,14.0
2359.0,14.0
2360.0,14.0
2361.0,14.0
2362.0,14.0
2363.0,14.0
2364.0,14.0
2365.0,14.0
2366.0,14.0
2367.0,14.0
2368.0,14.0
2369.0,14.0
2370.0,14.0
2371.0,14.0
2372.0,14.0
2373.0,14.0
2374.0,14.0
2375.0,14.0
2376.0,14.0
2377.0,14.0
2378.0,14.0
2379.0,14.0
2380.0,14.0
2381.0,14.0
2382.0,14.0
2383.0,14.0
2384.0,14.0
2385.0,14.0
2386.0,14.0
2387.0,14.0
2388.0,14.0
2389.0,14.0
2390.0,14.0
2391.0,14.0
2392.0,14.0
2393.0,14.0
2394.0,14.0
2395.0,14.0
2396.0,14.0
2397.0,14.0
2398.0,14.0
2399.0,14.0
2400.0,14.0
2401.0,14.0
2402.0,14.0
2403.0,14.0
2404.0,13.1875
2405.0,11.517500000000002
2406.0,9.646982758620688
2407.0,9.56681034482759
2408.0,9.523706896551726
2409.0,9.5
2410.0,9.5
2411.0,9.5
2412.0,9.5
2413.0,9.5
2414.0,9.5
2414.0,-100.0
2415.0,-100.0
2416.0,-100.0
2417.0,-100.0
2418.0,-100.0
2419.0,-100.0
2420.0,-100.0
2421.0,-100.0
2422.0,-100.0
2423.0,-100.0
2424.0,-100.0
2425.0,-100.0
2426.0,-100.0
2427.0,-100.0
2428.0,-100.0
2429.0,-100.0
2430.0,-100.0
2431.0,-100.0
2432.0,-100.0
2433.0,-100.0
2434.0,-100.0
2435.0,-100.0
2436.0,-100.0
2437.0,-100.0
2438.0,-100.0
2439.0,-100.0
2440.0,-100.0
2441.0,-100.0
2442.0,-100.0
2443.0,-100.0
2444.0,-100.0
2445.0,-100.0
2446.0,-100.0
2447.0,-100.0
2448.0,-100.0
2449.0,-100.0
2450.0,-100.0
2451.0,-100.0
2452.0,-100.0
2453.0,-100.0
2454.0,-100.0
2455.0,-100.0
2456.0,-100.0
2457.0,-100.0
2458.0,-100.0
2459.0,-100.0
2460.0,-100.0
2461.0,-100.0
2462.0,-100.0
2463.0,-100.0
2464.0,-100.0
2465.0,-100.0
2466.0,-100.0
2467.0,-100.0
2468.0,-100.0
2469.0,-100.0
2470.0,-100.0
2471.0,-100.0
2472.0,-100.0
2473.0,-100.0
2474.0,-100.0
2475.0,-100.0
2476.0,-100.0
2477.0,-100.0
2478.0,-100.0
2479.0,-100.0
2480.0,-100.0
2481.0,-100.0
2482.0,-100.0
2483.0,-100.0
2484.0,-100.0
2485.0,-100.0
2486.0,-100.0
2487.0,-100.0
2488.0,-100.0
2489.0,-100.0
2490.0,-100.0
2491.0,-100.0
2492.0,-100.0
2493.0,-99.99925
2494.0,-99.95125
2495.0,-99.87625
2496.0,-99.80125
2497.0,-99.72625
2498.0,-99.65125
2499.0,-99.0075
2500.0,-98.68875
2501.0,-97.98359722222222
2502.0,-92.5225505050505
2503.0,-79.6592803030303
2504.0,-64.33828671328672
2505.0,-64.26569055944056
2506.0,-64.26136363636363
2507.0,-64.27136363636363
2508.0,-68.4952178030303
2509.0,-88.35997474747475
2510.0,-87.54561327561328
2511.0,-69.92534722222221
2512.0,-78.7202904040404
2513.0,-88.95888888888888
2514.0,-74.33070436507936
2515.0,-47.00416666666666
2516.0,-57.87430555555555
2517.0,-85.24934343434343
2518.0,-91.77525252525253
2519.0,-91.4446212121212
2520.0,-91.16666666666666
2521.0,-91.16666666666666
2522.0,-91.16666666666666
2523.0,-91.16666666666666
2524.0,-91.16666666666666
2525.0,-91.16666666666666
2526.0,-91.16666666666666
2527.0,-91.16666666666666
2528.0,-90.18333333333332
2529.0,-67.12416666666667
2530.0,-50.34761904761905
2531.0,-79.08833333333334
2532.0,-94.09375
2533.0,-94.4
2534.0,-94.49923076923076
2535.0,-94.47307692307692
2536.0,-94.4346153846154
2537.0,-94.39615384615385
2538.0,-91.5175
2539.0,-91.19999999999999
2540.0,-91.19999999999999
2541.0,-91.19999999999999
2542.0,-91.19999999999999
2543.0,-91.19999999999999
2544.0,-91.19999999999999
2545.0,-91.19999999999999
2546.0,-91.19999999999999
2547.0,-91.19999999999999
2548.0,-81.45958333333334
2549.0,-52.5225
2550.0,-56.85194444444444
2551.0,-86.2975
2552.0,-91.16666666666666
2553.0,-91.16666666666666
2554.0,-91.475
2555.0,-94.475
2556.0,-94.493875
2557.0,-94.47
2558.0,-94.445
2559.0,-94.41999999999999
2560.0,-94.395
2561.0,-92.488625
2562.0,-91.44999999999999
2563.0,-91.44999999999999
2564.0,-91.44999999999999
2565.0,-91.44999999999999
2566.0,-91.44999999999999
2567.0,-91.44999999999999
2568.0,-73.70083333333334
2569.0,-48.57916666666667
2570.0,-68.42541666666666
2571.0,-90.6875
2572.0,-92.0
2573.0,-92.0
2574.0,-92.6625
2575.0,-94.5
2576.0,-94.5
2577.0,-94.5
2578.0,-94.5
2579.0,-94.5
2580.0,-94.5
2581.0,-94.5
2582.0,-94.5
2583.0,-94.5
2584.0,-94.5
2585.0,-94.5
2586.0,-94.5
2587.0,-96.98354978354978
2588.0,-97.16051136363636
2589.0,-95.11665313852814
2590.0,-85.77708333333334
2591.0,-77.59271780303031
2592.0,-69.83142857142857
2593.0,-67.93125
2594.0,-67.93125
2595.0,-67.93125
2596.0,-55.469761904761896
2597.0,-31.51304811507936
2598.0,-26.2875
2599.0,-6.419166666666664
2600.0,5.9164682539682545
2601.0,-23.27665945165945
2602.0,-53.57529761904762
2603.0,-56.70833333333333
2604.0,-60.2447619047619
2605.0,-70.8984375
2606.0,-71.0
2607.0,-71.0
2608.0,-71.0733143939394
2609.0,-71.38120265151515
2610.0,-71.72116477272728
2611.0,-73.16088068181818
2612.0,-69.32364583333333
2613.0,-76.4956304112554
2614.0,-53.77916305916306
2615.0,-44.11788194444444
2616.0,-65.7554946095571
2617.0,-89.11141393328893
2618.0,-92.99404761904762
2619.0,-92.99404761904762
2620.0,-92.99404761904762
2621.0,-94.68373917748917
2622.0,-97.78571428571428
2623.0,-84.38553571428571
2624.0,-65.8905812937063
2625.0,-54.5
2626.0,-54.483536585365854
2627.0,-54.207317073170735
2628.0,-52.99410569105691
2629.0,-48.43333919552669
2630.0,-53.36455882352941
2631.0,-47.7264705882353
2632.0,-63.993988095238095
2633.0,-90.44293154761905
2634.0,-94.0
2635.0,-94.0
2636.0,-94.0
2637.0,-94.0
2638.0,-94.0
2639.0,-94.0
2640.0,-94.0
2641.0,-94.0
2642.0,-94.0
2643.0,-94.0
2644.0,-94.0
2645.0,-92.14869318181817
2646.0,-81.03478891478892
2647.0,-79.35227272727272
2648.0,-79.35227272727272
2649.0,-79.35227272727272
2650.0,-79.35227272727272
2651.0,-67.56875085698616
2652.0,-40.81769012237763
2653.0,-38.20532828282828
2654.0,-61.26291666666667
2655.0,-83.79258432539683
2656.0,-84.99625
2657.0,-82.34814338235293
2658.0,-82.125
2659.0,-82.125
2660.0,-84.65555555555555
2661.0,-87.85075757575758
2662.0,-84.56277777777778
2663.0,-53.3861111111111
2664.0,-40.47333333333334
2665.0,-40.32407407407407
2666.0,-40.17592592592593
2667.0,-44.03195045695046
2668.0,-78.87897927689595
2669.0,-92.36944444444445
2670.0,-99.36555555555556
2671.0,-100.0
2672.0,-100.0
2673.0,-100.0
2674.0,-100.0
2675.0,-100.0
2676.0,-100.0
2677.0,-100.0
2678.0,-100.0
2679.0,-100.0
2680.0,-100.0
2681.0,-100.0
2682.0,-100.0
2683.0,-97.44444444444444
2684.0,-96.05011494252874
2685.0,-95.93793103448274
2686.0,-95.89195402298851
2687.0,-95.84597701149426
2688.0,-95.8
2689.0,-95.75402298850577
2690.0,-95.70804597701151
2691.0,-95.66206896551724
2692.0,-95.61609195402298
2693.0,-95.57011494252875
2694.0,-95.52413793103449
2695.0,-95.47816091954023
2696.0,-95.43218390804599
2697.0,-95.38620689655174
2698.0,-95.34298850574713
2699.0,-95.33333333333333
2700.0,-95.36111111111113
2701.0,-95.72685185185185
2702.0,-97.64626322751322
2703.0,-99.84523809523809
2704.0,-83.67553170144461
2705.0,-82.9747191011236
2706.0,-82.52668539325843
2707.0,-100.0
2708.0,-100.0
2709.0,-100.0
2710.0,-100.0
2711.0,-100.0
2712.0,-100.0
2713.0,-100.0
2714.0,-100.0
2715.0,-100.0
2716.0,-100.0
2717.0,-100.0
2718.0,-100.0
2719.0,-100.0
2720.0,-100.0
2721.0,-100.0
2722.0,-100.0
2723.0,-100.0
2724.0,-100.0
2725.0,-100.0
2726.0,-99.94285714285715
2727.0,-99.46666666666665
2728.0,-98.0
2729.0,-98.0
2730.0,-98.0
2731.0,-98.0
2732.0,-98.0
2733.0,-98.0
2734.0,-98.0
2735.0,-98.0
2736.0,-98.0
2737.0,-98.0
2738.0,-98.0
2739.0,-98.53061224489795
2740.0,-99.91261015769943
2741.0,-99.92376893939395
2742.0,-99.85748106060605
2743.0,-99.79119318181817
2744.0,-99.32689393939394
2745.0,-96.76666666666665
2746.0,-94.8888888888889
2747.0,-94.66666666666667
2748.0,-94.66666666666667
2749.0,-94.66666666666667
2750.0,-95.33749999999999
2751.0,-99.29615384615386
2752.0,-99.86752136752136
2753.0,-99.95299145299145
2754.0,-100.0
2755.0,-100.0
2756.0,-100.0
2757.0,-100.0
2758.0,-99.9715909090909
2759.0,-100.0
2760.0,-100.0
2761.0,-100.0
2762.0,-100.0
2763.0,-100.0
2764.0,-100.0
2765.0,-100.0
2766.0,-100.0
2767.0,-99.99772727272727
2768.0,-99.16484011845853
2769.0,-78.888916585355
2770.0,-39.361863733853866
2771.0,-3.2210828834568552
2772.0,28.192584343413504
2773.0,44.24946154466102
2774.0,54.888405278232405
2775.0,55.94457636778115
2776.0,56.44125189969605
2777.0,96.7645656779661
2778.0,97.53257415254238
2779.0,98.30058262711864
2780.0,98.95338983050848
2781.0,100.0
2782.0,100.0
2783.0,100.0
2784.0,100.0
2785.0,100.0
2786.0,99.875
2787.0,99.875
2788.0,99.875
2789.0,99.875
2790.0,99.875
2791.0,100.0
2792.0,100.0
2793.0,100.0
2794.0,100.0
2795.0,100.0
2796.0,100.0
2797.0,100.0
2798.0,100.0
2799.0,100.0
2800.0,100.0
2801.0,100.0
2802.0,100.0
2803.0,100.0
2804.0,100.0
2805.0,100.0
2806.0,100.0
2807.0,100.0
2808.0,100.0
2809.0,100.0
2810.0,100.0
2811.0,100.0
2812.0,100.0
2813.0,100.0
2814.0,100.0
2815.0,100.0
2816.0,99.8
2817.0,93.65347222222222
2818.0,85.38398148148148
2819.0,77.98125
2820.0,72.85396825396826
2821.0,69.22222222222223
2822.0,65.42059523809523
2823.0,61.01166666666666
2824.0,56.63055555555555
2825.0,52.011750841750846
2826.0,39.20007987382987
2827.0,-14.12046162613258
2828.0,-37.00462954443219
2829.0,-49.0875
2830.0,-49.674107142857146
2831.0,-49.763392857142854
2832.0,-49.85267857142857
2833.0,-49.941964285714285
2834.0,-49.99910714285714
2835.0,-50.0
2836.0,-50.0
2837.0,-50.0
2838.0,-50.0
2839.0,-50.0
2840.0,-50.0
2841.0,-50.004143646408835
2842.0,-59.82780847145489
2843.0,-59.8451197053407
2844.0,-59.863535911602206
2845.0,-59.88195211786372
2846.0,-59.900368324125225
2847.0,-59.918784530386745
2848.0,-59.93720073664825
2849.0,-59.95561694290975
2850.0,-59.97403314917127
2851.0,-59.99244935543279
2852.0,-60.01086556169429
2853.0,-60.02928176795581
2854.0,-60.047697974217314
2855.0,-60.06611418047883
2856.0,-60.08453038674033
2857.0,-60.102946593001846
2858.0,-60.12136279926335
2859.0,-64.52499793361947
2860.0,-76.69256781045752
2861.0,-89.10505375386997
2862.0,-99.02422687908498
2863.0,-100.0
2864.0,-100.0
2865.0,-100.0
2866.0,-100.0
2867.0,-100.0
2868.0,-100.0
2869.0,-100.0
2870.0,-100.0
2871.0,-100.0
2872.0,-100.0
2873.0,-100.0
2874.0,-100.0
2875.0,-100.0
2876.0,-100.0
2877.0,-100.0
2878.0,-100.0
2879.0,-100.0
2880.0,-100.0
2881.0,-100.0
2882.0,-100.0
2883.0,-100.0
2884.0,-100.0
2885.0,-100.0
2886.0,-100.0
2887.0,-100.0
2888.0,-100.0
2889.0,-100.0
2890.0,-100.0
2891.0,-100.0
2892.0,-100.0
2893.0,-100.0
2894.0,-100.0
2895.0,-100.0
2896.0,-100.0
2897.0,-100.0
2898.0,-100.0
2899.0,-100.0
2900.0,-100.0
2901.0,-100.0
2902.0,-100.0
2903.0,-100.0
2904.0,-100.0
2905.0,-100.0
2906.0,-100.0
2907.0,-100.0
2908.0,-100.0
2909.0,-100.0
2910.0,-100.0
2911.0,-100.0
2912.0,-100.0
2913.0,-100.0
2914.0,-100.0
2915.0,-100.0
2916.0,-100.0
2917.0,-100.0
2918.0,-100.0
2919.0,-100.0
2920.0,-100.0
2921.0,-100.0
2922.0,-100.0
2923.0,-100.0
2924.0,-100.0
2925.0,-100.0
2926.0,-100.0
2927.0,-100.0
2928.0,-100.0
2929.0,-100.0
2930.0,-100.0
2931.0,-100.0
2932.0,-100.0
2933.0,-100.0
2934.0,-99.29619047619047
2935.0,-97.88876623376623
2936.0,-96.70909090909092
2937.0,-96.6
2938.0,-96.6
2939.0,-96.6
2940.0,-96.5985
2941.0,-96.60916666666665
2942.0,-97.37183333333334
2943.0,-97.8625
2944.0,-97.714
2945.0,-96.3
2946.0,-96.3
2947.0,-96.3
2948.0,-96.3
2949.0,-96.3
2950.0,-96.3
2951.0,-96.3
2952.0,-96.3
2953.0,-96.3
2954.0,-96.3
2955.0,-91.45593939393939
2956.0,-80.9589898989899
2957.0,-71.97834848484848
2958.0,-63.12442424242424
2959.0,-59.20606060606061
2960.0,-59.014545454545456
2961.0,-59.0
2962.0,-59.0
2963.0,-59.0
2964.0,-57.24002380952381
2965.0,-55.11238095238095
2966.0,-54.08632142857143
2967.0,-48.36813536682615
2968.0,-59.21336123136124
2969.0,-67.68837445887446
2970.0,-72.96630303030304
2971.0,-67.28552797287142
2972.0,-61.13763821318001
2973.0,-57.3769236906884
2974.0,-57.14610389610389
2975.0,-51.80996910932205
2976.0,-34.211358605026916
2977.0,-24.160141646852175
2978.0,-15.296149029982365
2979.0,-10.81027160493827
2980.0,-9.539333333333332
2981.0,-16.346625
2982.0,-20.249
2983.0,-21.36644444444444
2984.0,-22.85288888888889
2985.0,-23.167238095238094
2986.0,-24.730389194139196
2987.0,-26.2
2988.0,-26.2
2989.0,-26.2
2990.0,-26.2
2991.0,-26.2
2992.0,-26.2
2993.0,-26.2
2994.0,-26.2
2995.0,-25.146666666666665
2996.0,-23.78666666666667
2997.0,-23.6
2998.0,-23.6
2999.0,-23.6
3000.0,-23.6
3001.0,-23.6
3002.0,-23.6
3003.0,-23.6
3004.0,-23.6
3005.0,-23.6
3006.0,-23.6
3007.0,-23.6
3008.0,-23.6
3009.0,-23.6
3010.0,-23.6
3011.0,-23.6
3012.0,-23.6
3013.0,-23.6
3014.0,-23.6
3014.0,-100.0
3015.0,-100.0
3016.0,-100.0
3017.0,-100.0
3018.0,-100.0
3019.0,-100.0
3020.0,-100.0
3021.0,-100.0
3022.0,-100.0
3023.0,-100.0
3024.0,-100.0
3025.0,-100.0
3026.0,-100.0
3027.0,-100.0
3028.0,-100.0
3029.0,-100.0
3030.0,-100.0
3031.0,-100.0
3032.0,-100.0
3033.0,-100.0
3034.0,-100.0
3035.0,-100.0
3036.0,-100.0
3037.0,-100.0
3038.0,-100.0
3039.0,-100.0
3040.0,-100.0
3041.0,-100.0
3042.0,-100.0
3043.0,-100.0
3044.0,-100.0
3045.0,-100.0
3046.0,-100.0
3047.0,-100.0
3048.0,-100.0
3049.0,-100.0
3050.0,-100.0
3051.0,-100.0
3052.0,-100.0
3053.0,-100.0
3054.0,-100.0
3055.0,-100.0
3056.0,-100.0
3057.0,-100.0
3058.0,-100.0
3059.0,-100.0
3060.0,-100.0
3061.0,-99.99647651006711
3062.0,-99.98070469798657
3063.0,-99.96392617449663
3064.0,-99.94714765100672
3065.0,-99.92281879194631
3066.0,-99.88926174496645
3067.0,-99.85570469798657
3068.0,-99.82214765100672
3069.0,-99.78859060402685
3070.0,-97.55246364653243
3071.0,-77.24864502164503
3072.0,-37.52893353174603
3073.0,15.26262262043512
3074.0,64.31498263888889
3075.0,82.14166666666667
3076.0,93.61666666666666
3077.0,96.0
3078.0,96.0
3079.0,96.0
3080.0,87.05833333333334
3081.0,73.3125
3082.0,86.89375
3083.0,97.5
3084.0,97.5
3085.0,97.5
3086.0,97.5
3087.0,97.5
3088.0,97.5
3089.0,97.5
3090.0,97.5
3091.0,97.5
3092.0,97.50441176470588
3093.0,97.78676470588235
3094.0,95.11862745098038
3095.0,73.125
3096.0,47.80833333333334
3097.0,24.99333333333333
3098.0,33.065535714285716
3099.0,18.275595238095235
3100.0,1.2576785714285634
3101.0,18.376517857142854
3102.0,42.628095238095234
3103.0,71.86309523809524
3104.0,94.26202380952378
3105.0,95.0
3106.0,95.0
3107.0,95.0
3108.0,95.0
3109.0,95.0
3110.0,95.0
3111.0,95.0
3112.0,95.0
3113.0,95.0
3114.0,92.32083333333334
3115.0,81.19583333333333
3116.0,69.38333333333333
3117.0,58.175
3118.0,48.920833333333334
3119.0,47.84502032520327
3120.0,44.44014227642276
3121.0,32.05
3122.0,21.039024390243902
3123.0,7.296646341463408
3124.0,-29.727459349593513
3125.0,-64.32388211382113
3126.0,-90.94692028985507
3127.0,-93.45528455284554
3128.0,-94.98478702721812
3129.0,-99.3125
3130.0,-100.0
3131.0,-100.0
3132.0,-100.0
3133.0,-100.0
3134.0,-100.0
3135.0,-95.47708333333334
3136.0,-85.00625
3137.0,-74.23750000000001
3138.0,-66.51666666666667
3139.0,-66.84166666666667
3140.0,-58.312184873949576
3141.0,-54.995535714285715
3142.0,-54.99028361344538
3143.0,-54.98503151260504
3144.0,-54.9797794117647
3145.0,-54.97452731092437
3146.0,-54.969275210084035
3147.0,-54.9640231092437
3148.0,-54.95877100840336
3149.0,-54.95351890756302
3150.0,-54.948266806722685
3151.0,-54.943014705882355
3152.0,-54.93776260504202
3153.0,-54.93251050420168
3154.0,-54.92725840336134
3155.0,-54.922006302521005
3156.0,-54.916754201680675
3157.0,-54.91150210084034
3158.0,-54.90625
3159.0,-54.90099789915966
3160.0,-54.895745798319325
3161.0,-54.890493697478995
3162.0,-54.88524159663866
3163.0,-54.87998949579832
3164.0,-54.87473739495798
3165.0,-54.869485294117645
3166.0,-54.86423319327731
3167.0,-54.85898109243698
3168.0,-54.85372899159664
3169.0,-54.8484768907563
3170.0,-54.843224789915965
3171.0,-54.83797268907563
3172.0,-54.83266806722689
3173.0,-54.82405462184874
3174.0,-54.81355042016807
3175.0,-54.803046218487395
3176.0,-54.79254201680672
3177.0,-54.78203781512605
3178.0,-54.77153361344538
3179.0,-54.7610294117647
3180.0,-51.69740896358543
3181.0,-42.089285714285715
3182.0,-47.18571428571428
3183.0,-60.9041095890411
3184.0,-63.5582191780822
3185.0,-63.62671232876713
3186.0,-63.695205479452056
3187.0,-63.763698630136986
3188.0,-63.832191780821915
3189.0,-63.90068493150685
3190.0,-63.96917808219178
3191.0,-64.0
3192.0,-64.0
3193.0,-64.0
3194.0,-64.0
3195.0,-64.0
3196.0,-64.0
3197.0,-64.0
3198.0,-64.0
3199.0,-64.0
3200.0,-64.0
3201.0,-64.0
3202.0,-63.955
3203.0,-63.83125
3204.0,-60.08875
3205.0,-53.65769230769231
3206.0,-51.29647435897436
3207.0,-43.97083333333333
3208.0,-35.18214285714286
3209.0,-26.344809523809523
3210.0,-22.938428571428574
3211.0,-16.281309523809526
3212.0,-9.42964285714286
3213.0,-2.3774999999999977
3214.0,-0.10666666666666913
3215.0,-0.13888888888888573
3216.0,-0.4166666666666714
3217.0,-5.62638888888889
3218.0,-27.427976190476194
3219.0,-34.5
3220.0,-34.5
3221.0,-34.5
3222.0,-34.5
3223.0,-34.47
3224.0,-30.625
3225.0,-7.547222222222231
3226.0,-15.888690476190483
3227.0,-29.05611111111111
3228.0,-33.19595238095238
3229.0,-43.007013888888885
3230.0,-60.1625
3231.0,-68.215
3232.0,-67.1425
3233.0,-37.450386904761906
3234.0,10.856249999999998
3235.0,31.604166666666668
3236.0,34.666666666666664
3237.0,34.666666666666664
3238.0,34.666666666666664
3239.0,34.666666666666664
3240.0,34.666666666666664
3241.0,34.666666666666664
3242.0,34.666666666666664
3243.0,34.666666666666664
3244.0,34.666666666666664
3245.0,37.12614942528736
3246.0,43.32471264367816
3247.0,43.43965517241379
3248.0,43.55459770114943
3249.0,43.66954022988506
3250.0,38.456034482758625
3251.0,35.666666666666664
3252.0,35.666666666666664
3253.0,35.666666666666664
3254.0,35.666666666666664
3255.0,33.329166666666666
3256.0,21.433333333333334
3257.0,11.0125
3258.0,2.658333333333335
3259.0,-7.449999999999999
3260.0,-16.1
3261.0,-26.73958333333333
3262.0,-31.32916666666668
3263.0,-58.4075
3264.0,-88.66814138576778
3265.0,-95.61589185393258
3266.0,-95.67047050561797
3267.0,-95.69504915730336
3268.0,-95.71962780898876
3269.0,-95.74420646067415
3270.0,-95.76878511235955
3271.0,-95.79336376404493
3272.0,-95.81794241573034
3273.0,-95.84252106741572
3274.0,-95.8670997191011
3275.0,-95.89167837078652
3276.0,-95.9162570224719
3277.0,-95.9408356741573
3278.0,-95.9654143258427
3279.0,-95.98999297752808
3280.0,-96.01457162921348
3281.0,-96.0391502808989
3282.0,-96.06372893258425
3283.0,-96.08830758426966
3284.0,-96.11288623595507
3285.0,-96.13746488764045
3286.0,-96.16204353932585
3287.0,-96.18662219101124
3288.0,-96.21120084269663
3289.0,-96.23577949438203
3290.0,-96.26035814606742
3291.0,-96.2849367977528
3292.0,-96.30951544943821
3293.0,-96.3340941011236
3294.0,-96.35867275280899
3295.0,-96.38325140449439
3296.0,-96.40783005617979
3297.0,-96.43240870786515
3298.0,-96.45698735955054
3299.0,-96.48156601123597
3300.0,-96.49926264044944
3301.0,-96.5
3302.0,-96.5
3303.0,-96.5
3304.0,-96.5
3305.0,-96.5
3306.0,-96.5
3307.0,-96.5
3308.0,-96.5
3309.0,-96.5
3310.0,-96.5
3311.0,-96.5
3312.0,-96.5
3313.0,-96.5
3314.0,-96.5
3315.0,-96.5
3316.0,-96.5
3317.0,-96.5
3318.0,-96.5
3319.0,-96.5
3320.0,-96.5
3321.0,-96.5
3322.0,-96.5
3323.0,-96.5
3324.0,-96.5
3325.0,-96.5
3326.0,-96.5
3327.0,-96.5
3328.0,-96.5
3329.0,-96.5
3330.0,-96.5
3331.0,-96.5
3332.0,-96.5
3333.0,-96.5
3334.0,-96.5
3335.0,-96.5
3336.0,-96.5
3337.0,-96.5
3338.0,-96.5
3339.0,-96.5
3340.0,-96.5
3341.0,-96.5
3342.0,-96.5
3343.0,-96.5
3344.0,-96.5
3345.0,-96.5
3346.0,-96.5
3347.0,-96.5
3348.0,-96.5
3349.0,-96.5
3350.0,-96.5
3351.0,-96.5
3352.0,-96.5
3353.0,-96.5
3354.0,-96.5
3355.0,-96.5
3356.0,-96.5
3357.0,-96.5
3358.0,-96.5
3359.0,-96.5
3360.0,-96.5
3361.0,-96.5
3362.0,-96.5
3363.0,-96.5
3364.0,-96.5
3365.0,-96.5
3366.0,-96.5
3367.0,-96.5
3368.0,-96.5
3369.0,-96.5
3370.0,-96.5
3371.0,-96.5
3372.0,-96.5
3373.0,-96.5
3374.0,-96.5
3375.0,-96.5
3376.0,-96.5
3377.0,-96.5
3378.0,-96.5
3379.0,-96.5
3380.0,-96.5
3381.0,-96.5
3382.0,-96.5
3383.0,-96.5
3384.0,-96.5
3385.0,-96.5
3386.0,-96.5
3387.0,-96.5
3388.0,-96.5
3389.0,-96.5
3390.0,-96.5
3391.0,-96.5
3392.0,-96.5
3393.0,-96.5
3394.0,-96.5
3395.0,-96.5
3396.0,-96.5
3397.0,-96.48858695652174
3398.0,-96.4375
3399.0,-96.38315217391305
3400.0,-96.32880434782608
3401.0,-96.27445652173913
3402.0,-96.22010869565217
3403.0,-96.16576086956522
3404.0,-96.11141304347825
3405.0,-96.0570652173913
3406.0,-96.00271739130434
3407.0,-95.94836956521739
3408.0,-95.89402173913044
3409.0,-95.83967391304347
3410.0,-95.78532608695653
3411.0,-95.73097826086956
3412.0,-95.67663043478261
3413.0,-95.62228260869566
3414.0,-95.5679347826087
3415.0,-95.51358695652175
3416.0,-95.45923913043478
3417.0,-95.40489130434783
3418.0,-95.35054347826086
3419.0,-95.29619565217392
3420.0,-88.30326086956522
3421.0,-58.47905172413793
3422.0,-49.41379310344828
3423.0,-49.298850574712645
3424.0,-49.18390804597701
3425.0,-49.06896551724138
3426.0,-48.95402298850575
3427.0,-48.839080459770116
3428.0,-48.724137931034484
3429.0,-48.60919540229885
3430.0,-48.461256157635475
3431.0,-48.202380952380956
3432.0,-47.730357142857144
3433.0,-30.46166666666668
3434.0,-21.83972222222223
3435.0,-14.231944444444444
3436.0,-7.100000000000001
3437.0,-7.0
3438.0,-7.0
3439.0,-7.0
3440.0,-7.0
3441.0,-7.0
3442.0,-7.0
3443.0,-7.0
3444.0,-7.0
3445.0,-7.0
3446.0,-10.404166666666661
3447.0,-22.475
3448.0,-28.025
3449.0,-28.5
3450.0,-28.5
3451.0,-28.5
3452.0,-28.5
3453.0,-28.5
3454.0,-28.5
3455.0,-28.5
3456.0,-28.5
3457.0,-28.5
3458.0,-28.5
3459.0,-28.5
3460.0,-28.5
3461.0,-28.46666666666667
3462.0,-17.890816842879346
3463.0,-1.3276280663780646
3464.0,17.499394355644355
3465.0,31.67202380952381
3466.0,41.6375
3467.0,47.3573173403977
3468.0,92.55602272727272
3469.0,99.25
3470.0,99.25
3471.0,99.25
3472.0,99.25
3473.0,99.25
3474.0,99.25
3475.0,99.25
3476.0,99.25
3477.0,99.23809523809524
3478.0,99.0813492063492
3479.0,98.10555555555555
3480.0,85.3
3481.0,69.425
3482.0,53.575
3483.0,40.725
3484.0,17.196130952380955
3485.0,2.125
3486.0,2.460000000000001
3487.0,14.111666666666665
3488.0,28.605
3489.0,29.5
3490.0,29.5
3491.0,29.546153846153842
3492.0,29.673076923076927
3493.0,33.38685897435897
3494.0,34.0
3495.0,34.0
3496.0,34.0
3497.0,34.9875
3498.0,45.87083333333334
3499.0,53.7425
3500.0,62.14226351351351
3501.0,66.77533783783784
3502.0,66.80912162162161
3503.0,66.8429054054054
3504.0,66.8766891891892
3505.0,66.91047297297297
3506.0,66.94425675675676
3507.0,66.97804054054055
3508.0,69.60019979657076
3509.0,70.68548387096774
3510.0,70.84677419354838
3511.0,74.38387096774193
3512.0,90.3125
3513.0,99.55
3514.0,99.75
3515.0,99.75
3516.0,99.75
3517.0,99.75
3518.0,92.77749999999999
3519.0,61.27708333333334
3520.0,60.87916666666666
3521.0,90.50506944444444
3522.0,100.0
3523.0,100.0
3524.0,100.0
3525.0,99.60833333333335
3526.0,85.27708333333334
3527.0,72.0125
3528.0,87.20416666666667
3529.0,99.825
3530.0,100.0
3531.0,100.0
3532.0,100.0
3533.0,100.0
3534.0,100.0
3535.0,100.0
3536.0,100.0
3537.0,100.0
3538.0,100.0
3539.0,99.90322580645162
3540.0,99.63709677419354
3541.0,99.36827956989247
3542.0,93.88306451612904
3543.0,81.41666666666667
3544.0,68.175
3545.0,55.59209956709956
3546.0,46.59678030303031
3547.0,33.203138528138524
3548.0,22.862413419913427
3549.0,9.561688311688322
3550.0,1.1614177489177493
3551.0,0.10091991341991502
3552.0,-0.12094155844154386
3553.0,-12.087175324675314
3554.0,-45.157956626706635
3555.0,-59.73823863636364
3556.0,-59.84770833333333
3557.0,-59.95717803030303
3558.0,-60.02573863636364
3559.0,-60.02270833333333
3560.0,-60.018541666666664
3561.0,-60.014375
3562.0,-60.01020833333333
3563.0,-60.00604166666666
3564.0,-60.001875
3565.0,-42.30571428571429
3566.0,-27.26178571428572
3567.0,-4.354166666666657
3568.0,-0.7791666666666686
3569.0,-0.4736111111111043
3570.0,-0.1680555555555614
3571.0,0.0
3572.0,0.0
3573.0,0.0
3574.0,0.0
3575.0,0.0
3576.0,0.0
3577.0,0.0
3578.0,0.0
3579.0,0.0
3580.0,0.0
3581.0,0.0
3582.0,0.0
3583.0,0.0
3584.0,0.0
3585.0,0.0
3586.0,0.0
3587.0,0.0
3588.0,0.0
3589.0,0.0
3590.0,0.0
3591.0,0.0
3592.0,0.0
3593.0,0.0
3594.0,0.0
3595.0,0.0
3596.0,0.0
3597.0,-0.0005081300813003509
3598.0,-0.004827235772353333
3599.0,-0.009908536585356842
3600.0,-0.01498983739836035
3601.0,-0.020071138211385176
3602.0,-0.02515243902438158
3603.0,-0.0302337398373993
3604.0,-0.03531504065042412
3605.0,-0.040396341463420526
3606.0,-0.04547764227643114
3607.0,-0.05055894308943465
3608.0,-0.05564024390243816
3609.0,-0.06072154471544877
3610.0,-0.06580284552845228
3611.0,-0.07088414634145579
3612.0,-0.0759654471544664
3613.0,-0.08104674796746991
3614.0,-0.08612804878048053
3615.0,-0.09120934959349825
3616.0,-0.09629065040650175
3617.0,-0.10137195121951947
3618.0,-0.10645325203253009
3619.0,-0.1115345528455336
3620.0,-0.11661585365854421
3621.0,-0.12169715447154061
3622.0,-0.12677845528455123
3623.0,-0.13185975609756184
3624.0,-0.13694105691056535
3625.0,-0.14202235772356886
3626.0,-0.14710365853657947
3627.0,-0.1521849593496043
3628.0,-0.1572662601626007
3629.0,-0.16234756097561842
3630.0,-0.16742886178861482
3631.0,-0.17251016260163965
3632.0,-0.17759146341464316
3633.0,-0.18267276422763956
3634.0,-0.18775406504064307
3635.0,-0.19283536585365368
3636.0,-0.1979166666666572
3637.0,-0.2029979674796678
3638.0,-0.20807926829267842
3639.0,-0.21316056910568193
3640.0,-0.21824186991869965
3641.0,-0.22332317073171737
3642.0,-0.22840447154472088
3643.0,-0.2334857723577315
3644.0,-0.23814548801052382
3645.0,-0.2331087449786864
3646.0,-1.1439847680938797
3647.0,-24.791354693648117
3648.0,-58.1173018549747
3649.0,-90.23367060146151
3650.0,-99.0964024732996
3651.0,-99.0964024732996
3652.0,-99.0964024732996
3653.0,-99.0964024732996
3654.0,-99.0964024732996
3655.0,-99.0964024732996
3656.0,-99.09640247329959
3657.0,-99.0964024732996
3658.0,-99.0964024732996
3659.0,-99.0964024732996
3660.0,-99.0964024732996
3661.0,-99.0964024732996
3662.0,-99.09640247329959
3663.0,-99.0964024732996
3664.0,-99.09640247329962
3665.0,-99.0964024732996
3666.0,-99.0964024732996
3667.0,-99.0964024732996
3668.0,-99.0964024732996
3669.0,-99.09640247329959
3670.0,-99.0964024732996
3671.0,-99.09640247329962
3672.0,-99.0964024732996
3673.0,-99.09640247329962
3674.0,-99.09851039910063
3675.0,-99.11115795390668
3676.0,-99.1252107925801
3677.0,-99.13926363125353
3678.0,-99.15331646992693
3679.0,-99.16736930860034
3680.0,-99.18142214727375
3681.0,-99.19547498594717
3682.0,-99.20952782462058
3683.0,-99.223580663294
3684.0,-99.2355255761664
3685.0,-99.23693086003372
3686.0,-99.23693086003374
3687.0,-99.23693086003374
3688.0,-99.23693086003374
3689.0,-99.23693086003371
3690.0,-99.23693086003374
3691.0,-99.23693086003371
3692.0,-99.23693086003375
3693.0,-99.23693086003374
3694.0,-99.23693086003372
3695.0,-99.23693086003374
3696.0,-99.23693086003371
3697.0,-99.23693086003371
3698.0,-99.23693086003371
3699.0,-99.23693086003374
3700.0,-99.23693086003372
3701.0,-99.23693086003371
3702.0,-99.23693086003371
3703.0,-99.23693086003371
3704.0,-99.23693086003374
3705.0,-99.23693086003374
3706.0,-99.23693086003371
3707.0,-99.23299606520519
3708.0,-99.21936481169196
3709.0,-99.1989881956155
3710.0,-96.39742004938569
3711.0,-52.05879629629629
3712.0,4.0063034188034194
3713.0,15.5
3713.0,-100.0
3714.0,-100.0
3715.0,-100.0
3716.0,-98.98333333333336
3717.0,-97.58333333333334
3718.0,-97.39166666666668
3719.0,-95.66666666666666
3720.0,-95.66666666666666
3721.0,
3722.0,
3723.0,
3724.0,
3725.0,
3726.0,
3727.0,
3728.0,
3729.0,
3730.0,
3731.0,-88.5
3732.0,-88.5
3733.0,-88.16972972972972
3734.0,-87.58540540540541
3735.0,-87.1662162162162
3736.0,
3737.0,
3738.0,
3739.0,
3740.0,-80.23745173745175
3741.0,-80.6679536679537
3742.0,
3743.0,
3744.0,
3745.0,-80.66795366795367
3746.0,
3747.0,
3748.0,
3749.0,
3750.0,
3751.0,
3752.0,
3753.0,
3754.0,
3755.0,
3756.0,
3757.0,
3758.0,
3759.0,
3760.0,
3761.0,
3762.0,
3763.0,
3764.0,
3765.0,
3766.0,
3767.0,
3768.0,
3769.0,
3770.0,
3771.0,
3772.0,
3773.0,
3774.0,
3775.0,
3776.0,
3777.0,
3778.0,
3779.0,
3780.0,
3781.0,
3782.0,
3783.0,
3784.0,
3785.0,
3786.0,
3787.0,
3788.0,
3789.0,
3790.0,
3791.0,
3792.0,
3793.0,
3794.0,
3795.0,
3796.0,
3797.0,
3798.0,
3799.0,
3800.0,
3801.0,
3802.0,
3803.0,
3804.0,
3805.0,
3806.0,
3807.0,
3808.0,
3809.0,90.60810810810813
3810.0,
3811.0,
3812.0,-42.53333333333333
3813.0,-41.8
3814.0,
3815.0,
3816.0,
3817.0,
3818.0,
3819.0,-22.12272727272727
3820.0,-10.831818181818182
3821.0,
3822.0,
3823.0,
3824.0,
3825.0,
3826.0,
3827.0,
3828.0,
3829.0,59.5
3830.0,59.5
3831.0,59.5
3832.0,59.5
3833.0,59.5
3834.0,59.52393617021276
3835.0,59.57712765957447
3836.0,59.630319148936174
3837.0,59.68351063829786
3838.0,59.736702127659576
3839.0,59.789893617021285
3840.0,59.84308510638298
3841.0,59.89627659574467
3842.0,59.94946808510638
3843.0,59.994680851063826
3844.0,60.0
3845.0,60.0
3846.0,60.0
3847.0,60.0
3848.0,60.0
3849.0,60.0
3850.0,60.0
3851.0,60.0
3852.0,60.0
3853.0,60.0
3854.0,60.0
3855.0,60.0
3856.0,60.0
3857.0,60.0
3858.0,60.0
3859.0,60.0
3860.0,60.0
3861.0,60.0
3862.0,60.0
3863.0,60.0
3864.0,60.0
3865.0,60.0
3866.0,60.0
3867.0,60.0
3868.0,60.0
3869.0,60.0
3870.0,60.0
3871.0,60.0
3872.0,60.0
3873.0,60.0
3874.0,60.0
3875.0,60.0
3876.0,27.5
3877.0,27.5
3878.0,27.5
3879.0,60.0
3880.0,60.0
3881.0,60.0
3882.0,60.0
3883.0,60.0
3884.0,21.233050847457626
3885.0,18.14406779661017
3886.0,11.889830508474574
3887.0,6.047881355932198
3888.0,14.206993006993008
3889.0,16.566433566433567
3890.0,16.636363636363633
3891.0,16.706293706293707
3892.0,16.776223776223777
3893.0,16.846153846153847
3894.0,16.916083916083913
3895.0,16.982867132867135
3896.0,17.0
3897.0,17.0
3898.0,17.0
3899.0,17.0
3900.0,17.0
3901.0,17.0
3902.0,17.0
3903.0,17.0
3904.0,17.0
3905.0,17.0
3906.0,17.0
3907.0,17.0
3908.0,17.0
3909.0,17.0
3910.0,17.0
3911.0,17.0
3912.0,17.0
3913.0,17.0
3914.0,17.0
3915.0,17.0
3916.0,17.0
3917.0,17.0
3918.0,17.0
3919.0,17.0
3920.0,17.0
3921.0,17.0
3922.0,17.0
3923.0,17.0
3924.0,39.24511657214871
3925.0,39.43761814744801
3926.0,39.73377441713925
3927.0,40.029930686830504
3928.0,40.32608695652174
3929.0,40.73780718336483
3930.0,41.444444444444436
3931.0,42.61010101010101
3932.0,43.52878787878788
3933.0,44.361538461538466
3934.0,44.412820512820524
3935.0,44.464102564102554
3936.0,44.51538461538462
3937.0,44.566666666666656
3938.0,44.617948717948714
3939.0,44.66153846153846
3940.0,44.666666666666664
3941.0,44.666666666666664
3942.0,44.666666666666664
3943.0,44.666666666666664
3944.0,44.666666666666664
3945.0,44.666666666666664
3946.0,44.666666666666664
3947.0,44.666666666666664
3948.0,44.666666666666664
3949.0,44.666666666666664
3950.0,44.666666666666664
3951.0,44.666666666666664
3952.0,44.666666666666664
3953.0,44.666666666666664
3954.0,44.666666666666664
3955.0,44.666666666666664
3956.0,44.666666666666664
3957.0,44.666666666666664
3958.0,44.666666666666664
3959.0,44.666666666666664
3960.0,44.666666666666664
3961.0,44.666666666666664
3962.0,44.666666666666664
3963.0,44.666666666666664
3964.0,44.666666666666664
3965.0,44.666666666666664
3966.0,44.666666666666664
3967.0,44.666666666666664
3968.0,44.666666666666664
3969.0,44.666666666666664
3970.0,44.666666666666664
3971.0,44.666666666666664
3972.0,44.666666666666664
3973.0,44.666666666666664
3974.0,44.666666666666664
3975.0,44.666666666666664
3976.0,44.666666666666664
3977.0,44.666666666666664
3978.0,44.666666666666664
3979.0,44.666666666666664
3980.0,44.666666666666664
3981.0,44.666666666666664
3982.0,44.666666666666664
3983.0,44.666666666666664
3984.0,44.666666666666664
3985.0,44.666666666666664
3986.0,44.666666666666664
3987.0,44.666666666666664
3988.0,44.666666666666664
3989.0,44.666666666666664
3990.0,44.666666666666664
3991.0,44.666666666666664
3992.0,44.666666666666664
3993.0,44.666666666666664
3994.0,44.666666666666664
3995.0,44.666666666666664
3996.0,44.666666666666664
3997.0,44.666666666666664
3998.0,44.666666666666664
3999.0,44.666666666666664
4000.0,44.666666666666664
4001.0,44.666666666666664
4002.0,44.666666666666664
4003.0,44.666666666666664
4004.0,44.666666666666664
4005.0,44.666666666666664
4006.0,44.666666666666664
4007.0,44.666666666666664
4008.0,44.666666666666664
4009.0,44.666666666666664
4010.0,44.666666666666664
4011.0,44.666666666666664
4012.0,44.666666666666664
4013.0,44.666666666666664
4014.0,44.666666666666664
4015.0,44.666666666666664
4016.0,44.666666666666664
4017.0,44.666666666666664
4018.0,44.666666666666664
4019.0,44.666666666666664
4020.0,44.666666666666664
4021.0,44.666666666666664
4022.0,44.666666666666664
4023.0,44.666666666666664
4024.0,44.666666666666664
4025.0,44.666666666666664
4026.0,44.666666666666664
4027.0,44.666666666666664
4028.0,44.666666666666664
4029.0,44.666666666666664
4030.0,44.666666666666664
4031.0,44.666666666666664
4032.0,44.666666666666664
4033.0,44.666666666666664
4034.0,44.666666666666664
4035.0,44.666666666666664
4036.0,44.666666666666664
4037.0,44.666666666666664
4038.0,44.666666666666664
4039.0,44.666666666666664
4040.0,44.666666666666664
4041.0,44.666666666666664
4042.0,44.666666666666664
4043.0,44.666666666666664
4044.0,44.666666666666664
4045.0,44.666666666666664
4046.0,44.666666666666664
4047.0,44.666666666666664
4048.0,44.666666666666664
4049.0,44.666666666666664
4050.0,44.666666666666664
4051.0,44.666666666666664
4052.0,44.666666666666664
4053.0,44.666666666666664
4054.0,44.666666666666664
4055.0,44.666666666666664
4056.0,44.666666666666664
4057.0,53.99363636363636
4058.0,42.21652777777778
4059.0,27.936957070707074
4060.0,16.11331349206349
4061.0,9.089865331491712
4062.0,9.08123273480663
4063.0,9.072600138121551
4064.0,9.063967541436462
4065.0,9.055334944751376
4066.0,9.046702348066301
4067.0,9.038069751381222
4068.0,9.02943715469613
4069.0,9.02080455801104
4070.0,9.012171961325969
4071.0,9.00353936464089
4072.0,8.994906767955804
4073.0,8.986274171270715
4074.0,8.977641574585629
4075.0,8.969008977900554
4076.0,8.960376381215468
4077.0,8.951743784530386
4078.0,8.9431111878453
4079.0,8.934478591160225
4080.0,8.92584599447514
4081.0,8.91721339779006
4082.0,8.908580801104971
4083.0,8.89994820441989
4084.0,8.89131560773481
4085.0,8.882683011049728
4086.0,8.874050414364639
4087.0,8.865417817679553
4088.0,8.856785220994478
4089.0,8.848152624309396
4090.0,8.839520027624307
4091.0,8.830887430939217
4092.0,8.822254834254146
4093.0,8.81362223756906
4094.0,8.804989640883981
4095.0,8.796357044198889
4096.0,8.78772444751381
4097.0,8.779091850828735
4098.0,8.770459254143649
4099.0,8.76182665745856
4100.0,8.753194060773481
4101.0,8.744561464088395
4102.0,8.73592886740332
4103.0,8.727296270718234
4104.0,8.718663674033145
4105.0,8.71003107734806
4106.0,8.701398480662991
4107.0,8.692765883977899
4108.0,8.68413328729282
4109.0,8.67550069060773
4110.0,8.666868093922659
4111.0,8.658235497237573
4112.0,8.649602900552487
4113.0,8.640970303867398
4114.0,8.632337707182323
4115.0,9.019267955801105
4116.0,14.830833333333334
4117.0,20.325
4118.0,23.15
4119.0,25.547916666666666
4120.0,33.94583333333333
4121.0,42.3
4122.0,44.202083333333334
4123.0,45.6125
4124.0,52.8
4125.0,55.775
4126.0,56.96666666666667
4127.0,57.1875
4128.0,58.0
4129.0,44.666666666666664
4130.0,44.666666666666664
4131.0,44.666666666666664
4132.0,44.666666666666664
4133.0,44.666666666666664
4134.0,44.666666666666664
4135.0,44.666666666666664
4136.0,44.666666666666664
4137.0,44.666666666666664
4138.0,44.666666666666664
4139.0,44.666666666666664
4140.0,44.666666666666664
4141.0,44.666666666666664
4142.0,44.666666666666664
4143.0,44.666666666666664
4144.0,44.666666666666664
4145.0,44.666666666666664
4146.0,44.666666666666664
4147.0,44.666666666666664
4148.0,44.666666666666664
4149.0,44.666666666666664
4150.0,44.666666666666664
4151.0,44.666666666666664
4152.0,44.666666666666664
4153.0,44.666666666666664
4154.0,44.666666666666664
4155.0,44.666666666666664
4156.0,44.666666666666664
4157.0,44.666666666666664
4158.0,44.666666666666664
4159.0,44.666666666666664
4160.0,44.666666666666664
4161.0,44.666666666666664
4162.0,44.666666666666664
4163.0,44.666666666666664
4164.0,44.666666666666664
4165.0,44.666666666666664
4166.0,44.666666666666664
4167.0,44.666666666666664
4168.0,44.666666666666664
4169.0,44.666666666666664
4170.0,44.666666666666664
4171.0,44.666666666666664
4172.0,44.666666666666664
4173.0,44.666666666666664
4174.0,44.666666666666664
4175.0,44.666666666666664
4176.0,44.666666666666664
4177.0,44.666666666666664
4178.0,44.666666666666664
4179.0,44.666666666666664
4180.0,44.666666666666664
4181.0,56.425
4182.0,55.44166666666667
4183.0,42.954166666666666
4184.0,40.698750000000004
4185.0,38.93177083333333
4186.0,35.18675505050505
4187.0,10.7578125
4188.0,8.575
4189.0,8.5
4190.0,8.5
4191.0,8.5
4192.0,8.5
4193.0,8.5
4194.0,8.5
4195.0,8.5
4196.0,8.5
4197.0,8.5
4198.0,8.5
4199.0,8.5
4200.0,8.5
4201.0,8.5
4202.0,8.5
4203.0,8.5
4204.0,8.5
4205.0,8.5
4206.0,8.5
4207.0,8.5
4208.0,8.5
4209.0,8.5
4210.0,8.5
4211.0,8.5
4212.0,8.5
4213.0,8.5
4214.0,8.5
4215.0,8.5
4216.0,8.5
4217.0,8.5
4218.0,8.5
4219.0,8.5
4220.0,8.5
4221.0,8.5
4222.0,8.5
4223.0,8.5
4224.0,8.5
4225.0,8.5
4226.0,8.5
4227.0,8.5
4228.0,8.5
4229.0,8.5
4230.0,8.5
4231.0,8.5
4232.0,8.5
4233.0,8.5
4234.0,8.5
4235.0,8.5
4236.0,8.5
4237.0,8.5
4238.0,8.5
4239.0,8.5
4240.0,8.5
4241.0,8.5
4242.0,8.5
4243.0,8.5
4244.0,8.5
4245.0,8.5
4246.0,8.5
4247.0,8.5
4248.0,8.5
4249.0,8.5
4250.0,8.5
4251.0,8.5
4252.0,8.5
4253.0,8.5
4254.0,8.5
4255.0,8.5
4256.0,8.5
4257.0,8.5
4258.0,8.5
4259.0,8.5
4260.0,8.5
4261.0,8.5
4261.0,-100.0
4262.0,-100.0
4263.0,-100.0
4264.0,-100.0
4265.0,-100.0
4266.0,-100.0
4267.0,-100.0
4268.0,-100.0
4269.0,-100.0
4270.0,-96.43050705467373
4271.0,-76.56717171717172
4272.0,-55.91829966329967
4273.0,-4.456428571428567
4274.0,0.0
4275.0,0.0
4276.0,0.0
4277.0,4.2925636863136845
4278.0,23.001101190476184
4279.0,43.559478715728716
4280.0,63.74
4281.0,83.00103174603174
4282.0,94.82118055555557
4283.0,100.0
4284.0,100.0
4285.0,100.0
4286.0,100.0
4287.0,100.0
4288.0,100.0
4289.0,100.0
4290.0,100.0
4291.0,100.0
4292.0,100.0
4293.0,100.0
4294.0,100.0
4295.0,100.0
4296.0,100.0
4297.0,100.0
4298.0,100.0
4299.0,100.0
4300.0,100.0
4301.0,100.0
4302.0,100.0
4303.0,100.0
4304.0,100.0
4305.0,100.0
4306.0,100.0
4307.0,100.0
4308.0,100.0
4309.0,100.0
4310.0,100.0
4311.0,100.0
4312.0,100.0
4313.0,100.0
4314.0,100.0
4315.0,100.0
4316.0,100.0
4317.0,100.0
4318.0,100.0
4319.0,100.0
4320.0,100.0
4321.0,100.0
4322.0,100.0
4323.0,100.0
4324.0,100.0
4325.0,100.0
4326.0,100.0
4327.0,100.0
4328.0,100.0
4329.0,100.0
4330.0,100.0
4331.0,100.0
4332.0,100.0
4333.0,100.0
4334.0,100.0
4335.0,100.0
4336.0,100.0
4337.0,100.0
4338.0,100.0
4339.0,100.0
4340.0,100.0
4341.0,100.0
4342.0,100.0
4343.0,100.0
4344.0,100.0
4345.0,100.0
4346.0,100.0
4347.0,100.0
4348.0,100.0
4349.0,100.0
4350.0,100.0
4351.0,100.0
4352.0,100.0
4353.0,100.0
4354.0,100.0
4355.0,100.0
4356.0,100.0
4357.0,100.0
4358.0,100.0
4359.0,100.0
4360.0,100.0
4361.0,100.0
4362.0,100.0
4363.0,100.0
4364.0,100.0
4365.0,100.0
4366.0,100.0
4367.0,100.0
4368.0,100.0
4369.0,100.0
4370.0,100.0
4371.0,100.0
4372.0,100.0
4373.0,100.0
4374.0,100.0
4375.0,100.0
4376.0,100.0
4377.0,100.0
4378.0,100.0
4379.0,100.0
4380.0,100.0
4381.0,100.0
4382.0,100.0
4383.0,100.0
4384.0,100.0
4385.0,100.0
4386.0,100.0
4387.0,100.0
4388.0,100.0
4389.0,100.0
4390.0,100.0
4391.0,100.0
4392.0,100.0
4393.0,100.0
4394.0,100.0
4395.0,100.0
4396.0,100.0
4397.0,3.860294117647065
4398.0,100.0
4399.0,100.0
4400.0,100.0
4401.0,100.0
4402.0,100.0
4403.0,100.0
4404.0,100.0
4405.0,100.0
4406.0,100.0
4407.0,100.0
4408.0,100.0
4409.0,100.0
4410.0,100.0
4411.0,100.0
4412.0,100.0
4413.0,100.0
4414.0,100.0
4415.0,100.0
4416.0,100.0
4417.0,100.0
4418.0,100.0
4419.0,100.0
4420.0,100.0
4421.0,100.0
4422.0,100.0
4423.0,100.0
4424.0,100.0
4425.0,100.0
4426.0,100.0
4427.0,100.0
4428.0,100.0
4429.0,100.0
4430.0,100.0
4431.0,100.0
4432.0,100.0
4433.0,100.0
4434.0,100.0
4435.0,100.0
4436.0,100.0
4437.0,100.0
4438.0,100.0
4439.0,100.0
4440.0,100.0
4441.0,100.0
4442.0,100.0
4443.0,100.0
4444.0,100.0
4445.0,100.0
4446.0,100.0
4447.0,100.0
4448.0,100.0
4449.0,100.0
4450.0,100.0
4451.0,100.0
4452.0,100.0
4453.0,100.0
4454.0,100.0
4455.0,100.0
4456.0,100.0
4457.0,100.0
4458.0,100.0
4459.0,100.0
4460.0,100.0
4461.0,100.0
4462.0,100.0
4463.0,100.0
4464.0,100.0
4465.0,100.0
4466.0,100.0
4467.0,100.0
4468.0,100.0
4469.0,100.0
4470.0,100.0
4471.0,100.0
4472.0,100.0
4473.0,100.0
4474.0,100.0
4475.0,100.0
4476.0,100.0
4477.0,100.0
4478.0,100.0
4479.0,100.0
4480.0,100.0
4481.0,100.0
4482.0,100.0
4483.0,100.0
4484.0,100.0
4485.0,100.0
4486.0,100.0
4487.0,100.0
4488.0,100.0
4489.0,100.0
4490.0,100.0
4491.0,100.0
4492.0,100.0
4493.0,100.0
4494.0,100.0
4495.0,100.0
4496.0,100.0
4497.0,100.0
4498.0,100.0
4499.0,100.0
4500.0,100.0
4501.0,100.0
4502.0,100.0
4503.0,100.0
4504.0,100.0
4505.0,100.0
4506.0,100.0
4507.0,100.0
4508.0,100.0
4509.0,100.0
4510.0,100.0
4511.0,100.0
4512.0,100.0
4513.0,100.0
4514.0,100.0
4515.0,100.0
4516.0,100.0
4517.0,100.0
4518.0,100.0
4519.0,100.0
4520.0,100.0
4521.0,100.0
4522.0,100.0
4523.0,100.0
4524.0,100.0
4525.0,100.0
4526.0,100.0
4527.0,100.0
4528.0,100.0
4529.0,100.0
4530.0,100.0
4531.0,100.0
4532.0,100.0
4533.0,100.0
4534.0,100.0
4535.0,100.0
4536.0,100.0
4537.0,100.0
4538.0,100.0
4539.0,100.0
4540.0,100.0
4541.0,100.0
4542.0,100.0
4543.0,100.0
4544.0,100.0
4545.0,100.0
4546.0,100.0
4547.0,100.0
4548.0,100.0
4549.0,100.0
4550.0,100.0
4551.0,100.0
4552.0,100.0
4553.0,100.0
4554.0,100.0
4555.0,100.0
4556.0,100.0
4557.0,100.0
4558.0,100.0
4559.0,100.0
4560.0,100.0
4561.0,100.0
4562.0,100.0
4563.0,100.0
4564.0,100.0
4565.0,100.0
4566.0,100.0
4567.0,100.0
4568.0,99.97419354838706
4569.0,99.90322580645159
4570.0,99.831541218638
4571.0,99.75985663082436
4572.0,99.68817204301077
4573.0,99.61648745519713
4574.0,99.54480286738352
4575.0,99.47311827956987
4576.0,99.40143369175628
4577.0,93.74366271165493
4578.0,85.8706896551724
4579.0,85.69827586206898
4580.0,85.52586206896551
4581.0,85.35344827586205
4582.0,85.18103448275863
4583.0,82.12252873563219
4584.0,60.79571428571428
4585.0,56.92272727272727
4586.0,31.384695027195026
4587.0,3.8109615384615383
4588.0,-13.084615384615386
4589.0,-13.538461538461535
4590.0,-13.538461538461535
4591.0,-13.538461538461535
4592.0,-13.538461538461535
4593.0,-13.538461538461535
4594.0,-13.538461538461535
4595.0,-13.538461538461535
4596.0,-13.538461538461535
4597.0,-13.538461538461535
4598.0,-27.89585969585969
4599.0,-74.42619981325863
4600.0,-99.82333333333334
4601.0,-100.0
4602.0,-100.0
4603.0,-100.0
4604.0,-100.0
4605.0,-100.0
4606.0,-100.0
4607.0,-100.0
4608.0,-100.0
4609.0,-100.0
4610.0,-100.0
4611.0,-100.0
4612.0,-100.0
4613.0,-100.0
4614.0,-100.0
4615.0,-100.0
4616.0,-100.0
4617.0,-100.0
4618.0,-100.0
4619.0,-100.0
4620.0,-100.0
4621.0,-100.0
4622.0,-100.0
4623.0,-100.0
4624.0,-100.0
4625.0,-100.0
4626.0,-100.0
4627.0,-100.0
4628.0,-99.88297872340424
4629.0,-99.67021276595749
4630.0,-99.45744680851062
4631.0,-99.2446808510638
4632.0,-97.42468085106384
4633.0,-74.65285714285714
4634.0,-52.6571742512641
4635.0,-50.517065344224044
4636.0,-49.66233955659278
4637.0,-48.807613768961495
4638.0,-47.95288798133022
4639.0,-47.354579929988326
4640.0,
4641.0,
4642.0,
4643.0,
4644.0,
4645.0,
4646.0,
4647.0,
4648.0,
4649.0,
4650.0,
4651.0,
4652.0,
4653.0,
4654.0,
4655.0,
4656.0,
4657.0,
4658.0,
4659.0,
4660.0,
4661.0,
4662.0,
4663.0,
4664.0,
4665.0,
4666.0,
4667.0,
4668.0,
4669.0,
4670.0,
4671.0,
4672.0,
4673.0,
4674.0,
4675.0,
4676.0,
4677.0,
4678.0,
4679.0,
4680.0,
4681.0,
4682.0,
4683.0,
4684.0,
4685.0,
4686.0,
4687.0,
4688.0,
4689.0,
4690.0,
4691.0,
4692.0,
4693.0,
4694.0,
4695.0,
4696.0,
4697.0,
4698.0,
4699.0,
4700.0,
4701.0,
4702.0,
4703.0,
4704.0,
4705.0,
4706.0,
4707.0,
4708.0,
4709.0,
4710.0,
4711.0,
4712.0,
4713.0,
4714.0,
4715.0,
4716.0,
4717.0,
4718.0,
4719.0,
4720.0,
4721.0,
4722.0,
4723.0,
4724.0,
4725.0,
4726.0,
4727.0,
4728.0,
4729.0,
4730.0,
4731.0,
4732.0,
4733.0,
4734.0,
4735.0,
4736.0,
4737.0,
4738.0,
4739.0,
4740.0,
4741.0,
4742.0,
4743.0,
4744.0,
4745.0,
4746.0,
4747.0,
4748.0,
4749.0,
4750.0,
4751.0,
4752.0,
4753.0,
4754.0,
4755.0,
4756.0,
4757.0,
4758.0,
4759.0,
4760.0,
4761.0,
4762.0,
4763.0,
4764.0,
4765.0,
4766.0,
4767.0,
4768.0,
4769.0,
4770.0,
4771.0,
4772.0,
4773.0,
4774.0,
4775.0,
4776.0,
4777.0,
4778.0,
4779.0,
4780.0,
4781.0,
4782.0,
4783.0,
4784.0,
4785.0,
4786.0,
4787.0,
4788.0,
4789.0,
4790.0,
4791.0,
4792.0,
4793.0,
4794.0,
4795.0,
4796.0,
4797.0,
4798.0,
4799.0,
4800.0,
4801.0,
4802.0,
4803.0,
4804.0,
4805.0,
4806.0,
4807.0,
4808.0,
4809.0,
4810.0,70.27272727272727
4811.0,70.27272727272727
4812.0,70.27272727272727
4813.0,70.27272727272727
4814.0,70.27272727272727
4815.0,70.27272727272727
4816.0,57.88034632034633
4817.0,7.4168542568542595
4818.0,-38.944444444444436
4819.0,-77.63333333333334
4820.0,-95.25
4821.0,-95.8
4822.0,-96.0
4823.0,-96.0
4824.0,-96.0
4825.0,-96.0
4826.0,-96.0
4827.0,-96.0
4828.0,-96.0
4829.0,-96.0
4830.0,-96.0
4831.0,-96.0
4832.0,-96.0
4833.0,-96.0
4834.0,-96.0
4835.0,-96.0
4836.0,-96.0
4837.0,-96.0
4838.0,-96.0
4839.0,-96.0
4840.0,-96.0
4841.0,-96.0
4842.0,-96.0
4843.0,-96.0
4844.0,-96.0
4845.0,-96.0
4846.0,-96.0
4847.0,-96.0
4848.0,-96.0
4849.0,-96.0
4850.0,-96.0
4851.0,-96.0
4852.0,-96.0
4853.0,-96.0
4854.0,-96.0
4855.0,-96.0
4856.0,-96.0
4857.0,-96.0
4858.0,-96.0
4859.0,-96.0
4860.0,-96.0
4861.0,-96.0
4862.0,-96.0
4863.0,-96.0
4864.0,-96.0
4865.0,-96.0
4866.0,-96.0
4867.0,-96.0
4868.0,-96.0
4869.0,-96.0
4870.0,-96.0
4871.0,-96.0
4872.0,-96.0
4873.0,-96.0
4874.0,-0.01694915254238083
4875.0,-0.05932203389831869
4876.0,-0.11581920903953602
4877.0,-0.17231638418079598
4878.0,-0.22881355932204173
4879.0,-0.28531073446328037
4880.0,-0.341807909604519
4881.0,-0.39830508474575765
4882.0,-0.4548022598869963
4883.0,-0.5112994350282491
4884.0,-0.5677966101694949
4885.0,-0.6242937853107478
4886.0,-0.6807909604519651
4887.0,-0.7372881355932108
4888.0,-0.7937853107344637
4889.0,-0.8502824858757023
4890.0,-0.9067796610169623
4891.0,-0.9632768361581796
4892.0,-0.9994350282485769
4893.0,-1.0
4894.0,-1.0
4895.0,-1.0
4896.0,-1.0
4897.0,-1.0
4898.0,-1.0
4899.0,-1.0
4900.0,-1.0
4901.0,-1.0
