Time(sec),A1CRR9EZ64R0P
0.0,-100.0
1.0,
2.0,
3.0,
4.0,
5.0,
6.0,
7.0,
8.0,
9.0,
10.0,
11.0,
12.0,
13.0,
14.0,
15.0,
16.0,
17.0,
18.0,
19.0,
20.0,
21.0,
22.0,
23.0,
24.0,
25.0,
26.0,
27.0,
28.0,
29.0,
30.0,
31.0,
32.0,
33.0,
34.0,
35.0,
36.0,
37.0,
38.0,
39.0,
40.0,
41.0,
42.0,
43.0,
44.0,
45.0,
46.0,
47.0,
48.0,
49.0,
50.0,
51.0,
52.0,
53.0,
54.0,
55.0,
56.0,
57.0,
58.0,
59.0,
60.0,
61.0,
62.0,
63.0,
64.0,
65.0,
66.0,
67.0,
68.0,
69.0,
70.0,
71.0,
72.0,
73.0,
74.0,
75.0,
76.0,
77.0,
78.0,
79.0,
80.0,
81.0,
82.0,
83.0,
84.0,
85.0,
86.0,
87.0,
88.0,
89.0,
90.0,
91.0,
92.0,
93.0,
94.0,
95.0,
96.0,
97.0,
98.0,
99.0,
100.0,
101.0,
102.0,
103.0,
104.0,
105.0,
106.0,
107.0,
108.0,
109.0,
110.0,
111.0,
112.0,
113.0,
114.0,
115.0,
116.0,
117.0,
118.0,
119.0,
120.0,
121.0,
122.0,
123.0,
124.0,
125.0,
126.0,
127.0,
128.0,
129.0,
130.0,
131.0,
132.0,
133.0,
134.0,
135.0,
136.0,
137.0,
138.0,
139.0,
140.0,
141.0,
142.0,
143.0,
144.0,
145.0,
146.0,
147.0,
148.0,
149.0,
150.0,
151.0,-81.86666666666666
152.0,-96.04142857142855
153.0,-99.60714285714286
154.0,-99.1875
155.0,-98.09500000000001
156.0,-95.90444444444444
157.0,-98.57222222222222
158.0,-98.68333333333335
159.0,-98.79444444444445
160.0,-98.90555555555555
161.0,-98.99333333333334
162.0,-99.0
163.0,-99.0
164.0,-99.0
165.0,-99.0
166.0,-99.0
167.0,-99.0
168.0,-99.0
169.0,-99.0
170.0,-99.0
171.0,-99.0
172.0,-99.0
173.0,-99.0
174.0,-99.0
175.0,-99.0
176.0,-99.0
177.0,-99.0
178.0,-99.0
179.0,-99.0
180.0,-99.0
181.0,-99.0
182.0,-99.0
183.0,-99.0
184.0,-99.0
185.0,-99.0
186.0,-99.0
187.0,-99.0
188.0,-99.0
189.0,-99.0
190.0,-99.0
191.0,-99.0
192.0,-99.0
193.0,-99.0
194.0,-99.0
195.0,-99.0
196.0,-99.0
197.0,-99.0
198.0,-99.0
199.0,-99.0
200.0,-99.0
201.0,-99.0
202.0,-99.0
203.0,-99.0
204.0,-99.0
205.0,-99.0
206.0,-99.0
207.0,-99.0
208.0,-99.0
209.0,-99.0
210.0,-99.0
211.0,-99.0
212.0,-99.0
213.0,-99.0
214.0,-99.0
215.0,-99.0
216.0,-99.0
217.0,-99.0
218.0,-99.0
219.0,-99.0
220.0,-99.0
221.0,-99.0
222.0,-99.0
223.0,-99.0
224.0,-99.0
225.0,-99.0
226.0,-99.0
227.0,-99.0
228.0,-99.0
229.0,-97.57000000000001
230.0,-91.3
231.0,
232.0,
233.0,
234.0,
235.0,-89.14583333333333
236.0,-86.27166666666668
237.0,-43.11857142857143
238.0,3.6088095238095237
239.0,-11.19038752913753
240.0,-68.46991341991341
241.0,-85.11688311688312
242.0,-86.4155844155844
243.0,-87.0
244.0,-87.0
245.0,-87.0
246.0,-87.0
247.0,-87.0
248.0,-87.0
249.0,-87.0
250.0,-87.0
251.0,-87.0
252.0,-87.0
253.0,-87.0
254.0,-87.0
255.0,-87.0
256.0,-87.0
257.0,-87.0
258.0,-87.0
259.0,-87.0
260.0,-87.0
261.0,-87.0
262.0,-87.0
263.0,-87.0
264.0,-87.0
265.0,-87.0
266.0,-87.0
267.0,-87.0
268.0,-87.0
269.0,-87.0
270.0,-87.0
271.0,-87.0
272.0,-87.0
273.0,-87.0
274.0,-87.0
275.0,-87.0
276.0,-87.0
277.0,-87.0
278.0,-87.0
279.0,-87.0
280.0,-87.0
281.0,-87.0
282.0,-87.0
283.0,-87.0
284.0,-87.0
285.0,-87.0
286.0,-87.0
287.0,-87.0
288.0,-87.0
289.0,-87.0
290.0,-87.0
291.0,-87.0
292.0,-87.0
293.0,-87.0
294.0,-87.0
295.0,-87.0
296.0,-87.0
297.0,-87.0
298.0,-87.0
299.0,-87.0
300.0,-87.0
301.0,-87.0
302.0,-87.0
303.0,-87.0
304.0,-87.0
305.0,-87.0
306.0,-87.0
307.0,-87.0
308.0,-87.0
309.0,-87.0
310.0,-87.0
311.0,-87.0
312.0,-87.0
313.0,-87.0
314.0,-87.0
315.0,-87.0
316.0,-87.0
317.0,-87.0
318.0,-87.0
319.0,-87.0
320.0,-87.0
321.0,-87.0
322.0,-87.0
323.0,-87.0
324.0,-87.0
325.0,-87.0
326.0,-87.0
327.0,-87.0
328.0,-87.0
329.0,-87.0
330.0,-87.0
331.0,-87.0
332.0,-87.0
333.0,-87.0
334.0,-87.0
335.0,-87.0
336.0,-87.0
337.0,-87.0
338.0,-87.0
339.0,-87.0
340.0,-87.0
341.0,-87.0
342.0,-87.0
343.0,-87.0
344.0,-87.0
345.0,-87.0
346.0,-87.0
347.0,-87.0
348.0,-87.0
349.0,-87.0
350.0,-87.0
351.0,-87.0
352.0,-87.0
353.0,-87.0
354.0,-87.0
355.0,-87.0
356.0,-87.0
357.0,-87.0
358.0,-87.0
359.0,-87.0
360.0,-87.0
361.0,-87.0
362.0,-87.0
363.0,-87.0
364.0,-87.0
365.0,-87.0
366.0,-87.0
367.0,-87.0
368.0,-87.0
369.0,-87.0
370.0,-87.0
371.0,-87.0
372.0,-87.0
373.0,-87.0
374.0,-87.0
375.0,-87.0
376.0,-87.0
377.0,-87.0
378.0,-87.0
379.0,-87.0
380.0,-87.0
381.0,-87.0
382.0,-87.0
383.0,-87.0
384.0,-87.0
385.0,-87.0
386.0,-87.0
387.0,-87.0
388.0,-87.0
389.0,-87.0
390.0,-87.0
391.0,-87.0
392.0,-87.0
393.0,-87.0
394.0,-87.0
395.0,-87.0
396.0,-87.0
397.0,-87.0
398.0,-87.0
399.0,-87.0
400.0,-87.0
401.0,-87.0
402.0,-87.0
403.0,-87.0
404.0,-87.0
405.0,-87.0
406.0,-87.0
407.0,-87.0
408.0,-87.0
409.0,-87.0
410.0,-87.0
411.0,-87.0
412.0,-87.0
413.0,-87.0
414.0,-87.0
415.0,-87.0
416.0,-87.0
417.0,-87.0
418.0,-87.0
419.0,-87.0
420.0,-87.0
421.0,-87.0
422.0,-87.0
423.0,-87.0
424.0,-87.0
425.0,-87.0
426.0,-87.0
427.0,-87.0
428.0,-87.0
429.0,-87.0
430.0,-87.0
431.0,-87.0
432.0,-87.0
433.0,-87.0
434.0,-87.0
435.0,-87.0
436.0,-87.0
437.0,-87.0
438.0,-87.0
439.0,-87.0
440.0,-87.0
441.0,-87.0
442.0,-87.0
443.0,-87.0
444.0,-87.0
445.0,-87.0
446.0,-87.0
447.0,-87.0
448.0,-87.0
449.0,-87.0
450.0,-87.0
451.0,-87.0
452.0,-87.0
453.0,-87.0
454.0,-87.0
455.0,-87.0
456.0,-87.0
457.0,-87.0
458.0,-87.0
459.0,-87.0
460.0,-87.0
461.0,-87.0
462.0,-87.0
463.0,-87.0
464.0,-87.0
465.0,-87.0
466.0,-87.0
467.0,-87.0
468.0,-87.0
469.0,-87.0
470.0,-87.0
471.0,-87.0
472.0,-87.0
473.0,-87.0
474.0,-87.0
475.0,-87.0
476.0,-87.0
477.0,-87.0
478.0,-87.0
479.0,-87.0
480.0,-87.0
481.0,-87.0
482.0,-87.0
483.0,-87.0
484.0,-87.0
485.0,-87.0
486.0,-87.0
487.0,-87.0
488.0,-87.0
489.0,-87.0
490.0,-87.0
491.0,-87.0
492.0,-87.0
493.0,-87.0
494.0,-87.0
495.0,-87.0
496.0,-87.0
497.0,-87.0
498.0,-87.0
499.0,-87.0
500.0,-87.0
501.0,-87.0
502.0,-87.0
503.0,-87.0
504.0,-87.0
505.0,-87.0
506.0,-87.0
507.0,-87.0
508.0,-87.0
509.0,-87.0
510.0,-87.0
511.0,-87.0
512.0,-87.0
513.0,-87.0
514.0,-87.0
515.0,-87.0
516.0,-87.0
517.0,-87.0
518.0,-87.0
519.0,-87.0
520.0,-87.0
521.0,-87.0
522.0,-87.0
523.0,-87.0
524.0,-87.0
525.0,-87.0
526.0,-87.0
527.0,-87.0
528.0,-87.0
529.0,-87.0
530.0,-87.0
531.0,-87.0
532.0,-87.0
533.0,-87.0
534.0,-87.0
535.0,-87.0
536.0,-87.0
537.0,-87.0
538.0,-87.0
539.0,-87.0
540.0,-87.0
541.0,-87.0
542.0,-87.0
543.0,-87.0
544.0,-87.0
545.0,-87.0
546.0,-87.0
547.0,-87.0
548.0,-87.0
549.0,-87.0
550.0,-87.0
551.0,-87.0
552.0,-87.0
553.0,-87.0
554.0,-87.0
555.0,-87.0
556.0,-87.0
557.0,-87.0
558.0,-87.0
559.0,-87.0
560.0,-87.0
561.0,-87.0
562.0,-87.0
563.0,-87.0
564.0,-87.0
565.0,-87.0
566.0,-87.0
567.0,-87.0
568.0,-87.0
569.0,-87.0
570.0,-87.0
571.0,-87.0
572.0,-87.0
573.0,-87.0
574.0,-87.0
575.0,-87.0
576.0,-87.0
577.0,-87.0
578.0,-87.0
579.0,-87.0
580.0,-87.0
581.0,-87.0
582.0,-87.0
583.0,-87.0
584.0,-87.0
585.0,-87.0
586.0,-87.0
587.0,-87.0
588.0,-87.0
589.0,-87.0
590.0,-87.0
591.0,-87.0
592.0,-87.0
593.0,-87.0
594.0,-87.0
595.0,-87.0
596.0,-87.0
597.0,-87.0
598.0,-87.0
599.0,-87.0
600.0,-87.0
601.0,-87.0
602.0,-87.0
603.0,-87.0
604.0,-87.0
605.0,-87.0
606.0,-87.0
607.0,-87.0
608.0,-87.0
609.0,-87.0
610.0,-87.0
611.0,-87.0
612.0,-87.0
613.0,-87.0
614.0,-87.0
615.0,-87.0
616.0,-87.0
617.0,-87.0
618.0,-87.0
619.0,-87.0
